direccion_normalizada,lat_orig,lon_orig,lat_snap,lon_snap,snap_dist_m,calle,highway_type,hgv_ok
AMADEU CASTELLANOS 2|08400|GRANOLLERS,41.602966,2.290860,41.602800,2.290821,18.72,Carrer del Foment,,1
ANSELM CLAVE 3|08106|SANTA MARIA DE MARTORELLES,41.519886,2.254604,41.519886,2.254605,0.08,Carrer de Josep Anselm Clavé,,1
ANSELM CLAVE 77|08400|GRANOLLERS,41.606885,2.288425,41.606826,2.289345,76.95,Plaça Pau Casals,,1
ANTONI GAUDI 10|08100|MOLLET DEL VALLES,41.544608,2.217888,41.544775,2.217597,30.56,Avinguda d'Antoni Gaudí,,1
AUTOVIA C-17 KM 81|08580|SANT QUIRZE DE BESORA,42.101426,2.217029,42.101514,2.217168,15.09,Carrer del Mestre Quer,,1
AUTOVIA C-17 S/N|08580|SANT QUIRZE DE BESORA,42.101426,2.217029,42.101514,2.217168,15.09,Carrer del Mestre Quer,,1
AVENIDA ANTONI GAUDI 19|08100|MOLLET DEL VALLES,41.545569,2.217966,41.545442,2.218194,23.69,Avinguda d'Antoni Gaudí,,1
AVENIDA ANTONI GAUDI 30-32|08100|MOLLET DEL VALLES,41.546329,2.219483,41.546439,2.219291,20.15,Avinguda d'Antoni Gaudí,,1
AVENIDA ANTONI GAUDI 46|08100|MOLLET DEL VALLES,41.547647,2.220435,41.547647,2.220435,0.00,Avinguda d'Antoni Gaudí,,1
AVENIDA ANTONI GAUDI 57|08100|MOLLET DEL VALLES,41.547647,2.220435,41.547647,2.220435,0.00,Avinguda d'Antoni Gaudí,,1
AVENIDA ANTONI GAUDI 62|08100|MOLLET DEL VALLES,41.548012,2.221219,41.548122,2.221030,19.95,Avinguda d'Antoni Gaudí,,1
AVENIDA BADALONA 8|08100|MOLLET DEL VALLES,41.530751,2.218028,41.530751,2.218028,0.00,Avinguda de Badalona,,1
"AVENIDA BALNEARI, S/N S/N|08551|TONA",41.859316,2.228736,41.859316,2.228736,0.00,Avinguda Balnearis,,1
AVENIDA BURGOS 76|08100|MOLLET DEL VALLES,41.533068,2.207930,41.533068,2.207930,0.00,Avinguda de Burgos,,1
AVENIDA CALDERO 48|08100|MOLLET DEL VALLES,41.535314,2.212765,41.535271,2.212857,9.04,Avinguda de Calderó,,1
AVENIDA CALDES DE MONTBUI 18|08100|MOLLET DEL VALLES,41.543378,2.207743,41.543342,2.207689,6.02,Avinguda de Caldes de Montbui,,1
AVENIDA CANOVELLES 86|08420|CANOVELLES,41.616406,2.277552,41.616394,2.277196,29.70,Avinguda de Canovelles,,1
AVENIDA CANTALLOPS S/N|08185|LLICA DE VALL,41.579884,2.233200,41.579884,2.233200,0.00,Avinguda de Cantallops,,1
AVENIDA CATALUNYA 14|08185|LLICA DE VALL,41.582010,2.237337,41.582010,2.237337,0.00,Avinguda de Catalunya,,1
AVENIDA CATALUNYA 24|08150|PARETS DEL VALLES,41.556043,2.225913,41.556304,2.225681,34.85,Avinguda de l'Estació,,1
AVENIDA CATALUNYA 63|08185|LLICA DE VALL,41.582010,2.237337,41.582010,2.237337,0.00,Avinguda de Catalunya,,1
AVENIDA ENRIC PRAT DE LA RIBA 77|08401|GRANOLLERS,41.602244,2.284853,41.602193,2.285283,36.28,Carrer de Mare de Déu de Montserrat,,1
AVENIDA EUROPA 21|08401|GRANOLLERS,41.595284,2.281489,41.595284,2.281490,0.08,Avinguda Europa,,1
AVENIDA JAUME I 154|08100|MOLLET DEL VALLES,41.542549,2.215431,41.542497,2.215390,6.71,Carrer de Roger de Llúria,,1
AVENIDA JAUME I 207|08100|MOLLET DEL VALLES,41.544220,2.216728,41.544137,2.216873,15.21,Avinguda de Jaume I,,1
AVENIDA JAUME I 3-5|08100|MOLLET DEL VALLES,41.538165,2.211349,41.538032,2.211662,30.01,Avinguda de Jaume I,,1
AVENIDA LLIBERTAT 14|08100|MOLLET DEL VALLES,41.536598,2.211526,41.536754,2.211628,19.30,,,1
AVENIDA LLIBERTAT 24|08100|MOLLET DEL VALLES,41.537615,2.212828,41.537615,2.212829,0.08,Avinguda de la Llibertat,,1
AVENIDA LLIBERTAT 28|08100|MOLLET DEL VALLES,41.534016,2.210249,41.534123,2.210311,12.96,,,1
AVENIDA LLIBERTAT 45|08100|MOLLET DEL VALLES,41.537615,2.212828,41.537615,2.212829,0.08,Avinguda de la Llibertat,,1
AVENIDA LLIBERTAT 4|08100|MOLLET DEL VALLES,41.537528,2.212614,41.537477,2.212748,12.54,Avinguda de la Llibertat,,1
AVENIDA LLUIS COMPANYS 39|08150|PARETS DEL VALLES,41.571211,2.231809,41.571211,2.231810,0.08,Avinguda de Lluís Companys,,1
AVENIDA MIL.LENARI 12|08160|MONTMELO,41.552208,2.242234,41.552208,2.242234,0.00,Avinguda Mil·lenari,,1
AVENIDA MIL.LENARI 15|08160|MONTMELO,41.552208,2.242234,41.552208,2.242234,0.00,Avinguda Mil·lenari,,1
AVENIDA MONTSERRAT 7|08570|TORELLO,42.051853,2.253398,42.051853,2.253398,0.00,Avinguda de Montserrat,,1
AVENIDA OLIMPIA S/N|08500|VIC,41.933909,2.242707,41.934284,2.242996,48.06,Carrer de la Fura,,1
AVENIDA PAISOS CATALANS 95|08500|VIC,41.920697,2.249137,41.920697,2.249138,0.08,Avinguda dels Països Catalans,,1
AVENIDA PARC S/N|08402|GRANOLLERS,41.606800,2.290578,41.606800,2.290578,0.00,Avinguda del Parc,,1
AVENIDA PEDRA DEL DIABLE 28|08150|PARETS DEL VALLES,41.567654,2.227606,41.567654,2.227606,0.00,Avinguda Pedra del Diable,,1
AVENIDA PEDRA DEL DIABLE 6|08150|PARETS DEL VALLES,41.567654,2.227606,41.567654,2.227606,0.00,Avinguda Pedra del Diable,,1
AVENIDA PIERA 33|08107|MARTORELLES,41.527547,2.232291,41.527547,2.232291,0.00,Avinguda d'en Piera,,1
AVENIDA PIERA 45|08107|MARTORELLES,41.527547,2.232291,41.527547,2.232291,0.00,Avinguda d'en Piera,,1
AVENIDA PIUS XII 18|08500|VIC,41.923210,2.253579,41.923210,2.253579,0.00,Avinguda Pius XII,,1
AVENIDA POMPEU FABRA 3|08160|MONTMELO,41.551053,2.248644,41.551053,2.248644,0.00,Rambla de Pompeu Fabra,,1
AVENIDA RABASSAIRES 40|08100|MOLLET DEL VALLES,41.540821,2.222496,41.540852,2.222417,7.44,,,1
AVENIDA RAFAEL CASANOVA 12|08100|MOLLET DEL VALLES,41.537944,2.210773,41.537805,2.210789,15.50,Avinguda de Rafael Casanova,,1
AVENIDA RIVOLI 22|08100|MOLLET DEL VALLES,41.546921,2.208966,41.546848,2.208996,8.49,Avinguda de Rivoli,,1
AVENIDA ROMA 104|08560|MANLLEU,42.003577,2.283574,42.003577,2.283574,0.00,Avinguda de Roma,,1
AVENIDA ROMA 106|08560|MANLLEU,42.003577,2.283574,42.003577,2.283574,0.00,Avinguda de Roma,,1
AVENIDA SANT BERNAT CALBO 23|08500|VIC,41.936124,2.264756,41.936123,2.264756,0.11,Avinguda de Sant Bernat Calbó,,1
AVENIDA SANT BERNAT CALBO 42|08500|VIC,41.936124,2.264756,41.936123,2.264756,0.11,Avinguda de Sant Bernat Calbó,,1
AVENIDA SANT ESTEVE 35|08402|GRANOLLERS,41.605095,2.290546,41.605095,2.290545,0.08,Avinguda de Sant Esteve,,1
AVENIDA SANT ESTEVE 3|08402|GRANOLLERS,41.605095,2.290546,41.605095,2.290545,0.08,Avinguda de Sant Esteve,,1
AVENIDA SANT ESTEVE 59|08402|GRANOLLERS,41.605095,2.290546,41.605095,2.290545,0.08,Avinguda de Sant Esteve,,1
AVENIDA SANT ESTEVE 73|08402|GRANOLLERS,41.601443,2.290616,41.601447,2.290438,14.84,Avinguda de Sant Esteve,,1
AVENIDA SANT JERONI 13|08105|SANT FOST DE CAMPSENTELLES,41.523035,2.223657,41.523060,2.223613,4.60,Avinguda de Sant Jeroni,,1
AVENIDA SANT JERONI 3|08105|SANT FOST DE CAMPSENTELLES,41.523399,2.223953,41.523399,2.223953,0.00,Avinguda de Sant Jeroni,,1
AVENIDA SANT JERONI 4|08105|SANT FOST DE CAMPSENTELLES,41.523399,2.223953,41.523399,2.223953,0.00,Avinguda de Sant Jeroni,,1
AVENIDA SANT JERONI 7|08105|SANT FOST,41.523399,2.223953,41.523399,2.223953,0.00,Avinguda de Sant Jeroni,,1
AVENIDA SANT LLORENC S/N|08504|SANT JULIA DE VILATORTA,41.925582,2.328720,41.925582,2.328720,0.00,Avinguda de Sant Llorenç,,1
AVENIDA SANT MORITZ 15|08185|LLICA DE VALL,41.594562,2.237770,41.594562,2.237769,0.08,Avinguda de Sant Moritz,,1
AVENIDA TECLA SALA S/N|08510|RODA DE TER,41.988645,2.313814,41.988645,2.313814,0.00,Avinguda de Tecla Sala,,1
AVENIDA VALLES 546|08227|TERRASSA,41.568837,2.034602,41.568837,2.034570,2.67,Avinguda del Vallès,,1
AVINGUDA BADALONA 18|08100|MOLLET DEL VALLES,41.530751,2.218028,41.530751,2.218028,0.00,Avinguda de Badalona,,1
AVINGUDA BELLMUNT 25|08560|MANLLEU,42.007400,2.292871,42.007400,2.292871,0.00,Avinguda Bellmunt,,1
AVINGUDA CANTALLOPS 14|08185|LLICA DE VALL,41.579884,2.233200,41.579884,2.233200,0.00,Avinguda de Cantallops,,1
AVINGUDA D'ANGEL SALLENT 146|08224|TERRASSA,41.560866,1.998741,41.560866,1.998741,0.00,Avinguda d'Àngel Sallent,,1
AVINGUDA D'ANTONI GAUDI 12|08100|MOLLET DEL VALLES,41.544694,2.217975,41.544893,2.218181,28.00,Carrer de Sant Roc,,1
AVINGUDA D'OLIMPIA 7|08500|VIC,41.933126,2.241895,41.933327,2.241861,22.50,Avinguda d'Olímpia,,1
AVINGUDA DE BURGOS 66|08100|MOLLET DEL VALLES,41.534261,2.208602,41.534227,2.208683,7.74,,,1
AVINGUDA DE CALDES DE MONTBUI 17|08100|MOLLET DEL VALLES,41.545072,2.205698,41.545099,2.205809,9.74,Avinguda de Caldes de Montbui,,1
AVINGUDA DE CATALUNYA 102|08150|PARETS DEL VALLES,41.566831,2.230110,41.566831,2.230110,0.00,Avinguda de Catalunya,,1
AVINGUDA DE CATALUNYA 111|08150|PARETS DEL VALLES,41.556835,2.226768,41.556835,2.226768,0.00,Avinguda de Catalunya,,1
AVINGUDA DE CATALUNYA 129|08150|PARETS DEL VALLES,41.561669,2.228238,41.561669,2.228238,0.00,Avinguda de Catalunya,,1
AVINGUDA DE CATALUNYA 133|08150|PARETS DEL VALLES,41.561669,2.228238,41.561669,2.228238,0.00,Avinguda de Catalunya,,1
AVINGUDA DE CATALUNYA 51|08930|BARCELONA,41.431337,2.217863,41.431311,2.217762,8.92,Carrer de Miquel Servet,,1
AVINGUDA DE CATALUNYA 61|08185|LLICA DE VALL,41.578952,2.236280,41.578952,2.236281,0.08,Avinguda de Catalunya,,1
AVINGUDA DE CATALUNYA 92|08150|PARETS DEL VALLES,41.561669,2.228238,41.561669,2.228238,0.00,Avinguda de Catalunya,,1
AVINGUDA DE FRANCESC MACIA 11|08150|PARETS DEL VALLES,41.572044,2.236293,41.571941,2.236233,12.49,Avinguda de Francesc Macià,,1
AVINGUDA DE FRANCESC MACIA 12|08150|PARETS DEL VALLES,41.572186,2.235472,41.572186,2.235472,0.00,Avinguda de Francesc Macià,,1
AVINGUDA DE JAUME I 156|08100|MOLLET DEL VALLES,41.541186,2.214040,41.541186,2.214039,0.08,Avinguda de Jaume I,,1
AVINGUDA DE JAUME I 57|08100|MOLLET DEL VALLES,41.539784,2.212846,41.539748,2.212928,7.93,Avinguda de Jaume I,,1
AVINGUDA DE L'ATLANTIDA 8|08519|FOLGUEROLES,41.938422,2.318959,41.938422,2.318958,0.08,avinguda de l'Atlàntida,,1
AVINGUDA DE L'ONZE DE SETEMBRE 36|08170|MONTORNES DEL VALLES,41.542577,2.263950,41.542616,2.263889,6.68,Avinguda de l'Onze de Septembre,,1
AVINGUDA DE LA LLIBERTAT 12|08100|MOLLET DEL VALLES,41.536904,2.211937,41.536964,2.211984,7.73,Carrer de Pau Claris,,1
AVINGUDA DE LA LLIBERTAT 20|08100|MOLLET DEL VALLES,41.535897,2.211341,41.535790,2.211630,26.89,Avinguda de la Llibertat,,1
AVINGUDA DE LA LLIBERTAT 2|08100|MOLLET DEL VALLES,41.537603,2.212664,41.537561,2.212798,12.12,Avinguda de la Llibertat,,1
AVINGUDA DE LA LLIBERTAT 39|08100|MOLLET DEL VALLES,41.535515,2.211448,41.535515,2.211447,0.08,Avinguda de la Llibertat,,1
AVINGUDA DE LA MARE DE DEU DE MO 26|08170|MONTORNES DEL VALLES,41.539619,2.263020,41.539619,2.263021,0.08,Avinguda de la Mare de Déu de Montserrat,,1
AVINGUDA DE LA PEDRA DEL DIABLE 9|08150|PARETS DEL VALLES,41.567321,2.228649,41.567393,2.228680,8.40,Avinguda Pedra del Diable,,1
AVINGUDA DE LA RIBERA 6|08503|GURB,41.949359,2.250376,41.949359,2.250376,0.00,Avinguda de la Ribera,,1
AVINGUDA DE PIUS XII 11|08500|VIC,41.922227,2.259042,41.922226,2.259042,0.11,Avinguda de Pius XII,,1
AVINGUDA DE POMPEU FABRA 24|08160|MONTMELO,41.551053,2.248644,41.551053,2.248644,0.00,Rambla de Pompeu Fabra,,1
AVINGUDA DE RIVOLI 24|08100|MOLLET DEL VALLES,41.546707,2.208060,41.546637,2.208090,8.17,Avinguda de Rivoli,,1
AVINGUDA DE SANT JULIA 201|08403|GRANOLLERS,41.600058,2.277620,41.600058,2.277620,0.00,Avinguda Sant Julià,,1
AVINGUDA DE SANT JULIA 217|08403|GRANOLLERS,41.600058,2.277620,41.600058,2.277620,0.00,Avinguda Sant Julià,,1
AVINGUDA DE SANT LLORENC 68|08504|SANT JULIA DE VILATORTA,41.925582,2.328720,41.925582,2.328720,0.00,Avinguda de Sant Llorenç,,1
AVINGUDA DEL CAMI DE LA FONTSAN S/N|08572|SANT PERE DE TORELLO,42.068852,2.290817,42.068852,2.290817,0.00,Avinguda de la Fontsanta,,1
AVINGUDA DEL CASTELL 18|08570|TORELLO,42.054711,2.257411,42.054711,2.257411,0.00,Avinguda del Castell,,1
AVINGUDA DEL MIL·LENARI S/N|08160|MONTMELO,41.552208,2.242234,41.552208,2.242234,0.00,Avinguda Mil·lenari,,1
AVINGUDA DEL PARC 1|08100|MOLLET DEL VALLES,41.544956,2.212899,41.545014,2.212993,10.15,Avinguda del Parc,,1
AVINGUDA DEL PARC 5|08402|GRANOLLERS,41.607553,2.290592,41.607553,2.290592,0.00,Avinguda del Parc,,1
AVINGUDA DEL RIU MOGENT 1|08170|MONTORNES DEL VALLES,41.547529,2.265113,41.547529,2.265113,0.00,avinguda del Riu Mogent,,1
AVINGUDA DELS PAISOS CATALANS 49|08500|VIC,41.920697,2.249137,41.920697,2.249138,0.08,Avinguda dels Països Catalans,,1
AVINGUDA GAUDI 34|08512|SANT HIPOLIT DE VOLTREGA,42.014190,2.242670,42.014190,2.242670,0.00,Avinguda de Gaudí,,1
AVINGUDA MONTSERRAT 12|08185|LLICA DE VALL,41.597569,2.242300,41.597569,2.242301,0.08,Avinguda de Montserrat,,1
AVINGUDA NOSTRA SENYORA DE MONTS 22|08504|SANT JULIA DE VILATORTA,41.924119,2.322177,41.924119,2.322177,0.00,Avinguda de Nostra Senyora de Montserrat,,1
AVINGUDA PAU CASALS 22|08506|CALLDETENES,41.925277,2.284270,41.925277,2.284271,0.08,Avinguda Pau Casals,,1
AVINGUDA SANT ESTEVE 96|08402|GRANOLLERS,41.600264,2.290439,41.600264,2.290439,0.00,Avinguda de Sant Esteve,,1
AVINGUDA TECLA SALA 42|08510|RODA DE TER,41.988645,2.313814,41.988645,2.313814,0.00,Avinguda de Tecla Sala,,1
BAILEN 31|08430|ROCA DEL VALLES (LA),41.587336,2.326058,41.587303,2.326220,14.00,Carrer de Pompeu Fabra,,1
BARCELONA 110|08521|LES FRANQUESES DEL VALLES,41.647503,2.306631,41.645084,2.304290,332.03,Camí antic de Marata,,0
BARCELONES 9|08520|CORRO D AVALL,41.632553,2.298299,41.632542,2.298507,17.38,Carrer de Tagamanent,,1
BERENGUER III 71|08100|MOLLET DEL VALLES,41.536247,2.215520,41.536247,2.215520,0.00,Carrer de Berenguer III,,1
BLAS INFANTE 14-16|08170|MONTORNES DEL VALLES,41.540498,2.263486,41.540498,2.263486,0.00,Carrer de Blas Infante,,1
BLAS INFANTE 15|08170|MONTORNES DEL VALLES,41.540498,2.263486,41.540498,2.263486,0.00,Carrer de Blas Infante,,1
BLAS INFANTE 22|08170|MONTORNES DEL VALLES,41.540498,2.263486,41.540498,2.263486,0.00,Carrer de Blas Infante,,1
BLAS INFANTE 2|08170|MONTORNES DEL VALLES,41.540498,2.263486,41.540498,2.263486,0.00,Carrer de Blas Infante,,1
BP-4654 KM 1.2|08588|SORA,42.088247,2.145974,42.088247,2.145974,0.00,,,1
BV-5006 5006|08106|SANTA MARIA DE MARTORELLES,41.522614,2.245024,41.523704,2.246119,151.68,Avinguda de Joan XXIII,,1
"C/ PRAT DE LA RIBA, 13|08830|SANT BOI DE LLOBREGAT",41.331323,2.034142,41.340980,2.029012,1155.31,Carrer de la Vansa,,0
CALLE AGRICULTURA 18|08100|MOLLET DEL VALLES,41.544874,2.205318,41.544745,2.205371,14.99,Carrer de l'Agricultura,,1
CALLE AGRICULTURA 37|08100|MOLLET DEL VALLES,41.544952,2.206446,41.545008,2.206395,7.54,Carrer de l'Agricultura,,1
CALLE ALFONS IV 85|08402|GRANOLLERS,41.603496,2.287921,41.603496,2.287921,0.00,Carrer d'Alfons IV,,1
CALLE ANDREU FEBRER 1|08500|VIC,41.925284,2.254040,41.925187,2.254053,10.83,Carrer d'Andreu Febrer,,1
CALLE ANNIBAL 26|08401|GRANOLLERS,41.606800,2.284828,41.606800,2.284828,0.00,Carrer d'Anníbal,,1
CALLE ANNIBAL 59|08401|GRANOLLERS,41.606800,2.284828,41.606800,2.284828,0.00,Carrer d'Anníbal,,1
CALLE ANSELM CLAVE 19-21|08100|MOLLET DEL VALLES,41.540111,2.216688,41.540112,2.216688,0.11,Carrer d'Anselm Clavé,,1
CALLE ANSELM CLAVE 1|08402|GRANOLLERS,41.606885,2.288425,41.606826,2.289345,76.95,Plaça Pau Casals,,1
CALLE ANSELM CLAVE 2|08186|LLI#A D'AMUNT,41.609158,2.239292,41.609158,2.239293,0.08,Carrer d'Anselm Clavé,,1
CALLE ANSELM CLAVE 43|08100|MOLLET DEL VALLES,41.540111,2.216688,41.540112,2.216688,0.11,Carrer d'Anselm Clavé,,1
CALLE ANSELM CLAVE 70|08186|LLICA D'AMUNT,41.609158,2.239292,41.609158,2.239293,0.08,Carrer d'Anselm Clavé,,1
CALLE ARAGO 13|08150|PARETS DEL VALLES,41.573134,2.233839,41.573072,2.233868,7.30,Carrer Major,,1
CALLE BAC DE RODA 40|08510|RODA DE TER,41.984288,2.309861,41.984288,2.309861,0.00,Carrer de Bac de Roda,,1
CALLE BAC DE RODA 44|08510|RODA DE TER,41.984288,2.309861,41.984288,2.309861,0.00,Carrer de Bac de Roda,,1
CALLE BAC DE RODA 45|08510|RODA DE TER,41.984288,2.309861,41.984288,2.309861,0.00,Carrer de Bac de Roda,,1
CALLE BARCELONA 10|08551|TONA,41.849940,2.229188,41.850092,2.229236,17.35,Carrer de la Font,,1
CALLE BATLLE SERRALLONGA 11|08512|SANT HIPOLIT DE VOLTREGA,42.016205,2.238856,42.016116,2.238935,11.85,Carrer Batlle Serrallonga,,1
CALLE BELLMUNT 12|08503|GURB,41.940727,2.246956,41.940727,2.246956,0.00,Carrer de Bellmunt,,1
CALLE BERENGUER III 118|08100|MOLLET DEL VALLES,41.535829,2.215909,41.535885,2.215986,8.94,Carrer de Berenguer III,,1
CALLE BLAS INFANTE 8|08170|MONTORNES DEL VALLES,41.540498,2.263486,41.540498,2.263486,0.00,Carrer de Blas Infante,,1
CALLE CABRERES 2|08500|VIC,41.950159,2.282347,41.950159,2.282347,0.00,Carrer del Cabrerès,,1
CALLE CAMP DE LES MORERES 2|08401|GRANOLLERS,41.600215,2.281061,41.600215,2.281061,0.00,Carrer Camp de les Moreres,,1
CALLE CAMP DE LES MORERES 5|08401|GRANOLLERS,41.600215,2.281061,41.600215,2.281061,0.00,Carrer Camp de les Moreres,,1
CALLE CAN CASARRAMONA 26|08570|TORELLO,42.053735,2.243269,42.053735,2.243269,0.00,Carrer de Can Casarramona,,1
CALLE CAN MOLLET 30|08100|MOLLET DEL VALLES,41.543914,2.218990,41.543959,2.218910,8.34,Carrer de Can Mollet,,1
CALLE CAN PANTIQUET 22|08100|MOLLET DEL VALLES,41.547811,2.219655,41.547897,2.219506,15.68,Carrer del Pintor Joaquim Mir,,1
CALLE CAN PANTIQUET 26|08100|MOLLET DEL VALLES,41.547628,2.219969,41.547742,2.220089,16.14,Carrer de Lluís Millet,,1
CALLE CANIGO 1|08507|SANTA EUGENIA DE BERGA,41.899871,2.282198,41.899871,2.282198,0.00,Carrer del Canigó,,1
CALLE CARRERADA 11|08107|MARTORELLES,41.533144,2.235363,41.533144,2.235363,0.00,Carrer de la Carrerada,,1
CALLE CASTELLTERCOL 1-3|08401|GRANOLLERS,41.592128,2.282781,41.592128,2.282781,0.00,Carrer Castellterçol,,1
CALLE CELLECS 6|08520|LES FRANQUESES DEL VALLES,41.627019,2.298412,41.627019,2.298412,0.00,Carrer de Cèllecs,,1
CALLE CONESTABLE DE PORTUGAL 13|08402|GRANOLLERS,41.605162,2.289417,41.605162,2.289417,0.00,Carrer Condestable de Portugal,,1
CALLE CONGOST 1|08150|PARETS DEL VALLES,41.554665,2.233547,41.554666,2.233547,0.11,Carrer del Congost,,1
CALLE CRISTOFOL COLOM 16|08402|GRANOLLERS,41.600094,2.288506,41.600045,2.288493,5.55,Carrer de Cristòfor Colom,,1
CALLE CUBA 38|08302|MATARO,41.537544,2.440144,41.530476,2.389728,4280.52,,,0
CALLE DE CORRO 192|08401|GRANOLLERS,41.609465,2.288002,41.609582,2.288552,47.64,,,1
CALLE DE ENRIQUE PRAT DE LA RIBA 15|08570|TORELLO,42.048603,2.264966,42.048603,2.264966,0.00,Carrer Enric Prat de la Riba,,1
CALLE DE LA BASSA S/N|08150|PARETS DEL VALLES,41.575294,2.249164,41.575509,2.249159,23.88,Carrer de Can Guasch,,1
CALLE DE LA FABRICA 26|08187|SANTA EULALIA DE RONCANA,41.651916,2.218326,41.651916,2.218326,0.00,Carrer de la Vinya,,1
CALLE DEL CASAL 1|08415|BIGUES I RIELLS,41.674435,2.209821,41.674435,2.209821,0.00,Carrer del Casal,,1
CALLE DOCTOR BAYES 2|08551|TONA,41.856119,2.229690,41.856119,2.229691,0.08,Carrer del Doctor Bayés,,1
CALLE DOCTOR FLEMING 6|08185|LLICA DE VALL,41.581435,2.222220,41.581435,2.222220,0.00,Carrer del Doctor Fleming,,1
CALLE DOCTOR JUNYENT 10|08500|VIC,41.928238,2.250754,41.928238,2.250754,0.00,Carrer del Doctor Junyent,,1
CALLE DOCTOR JUNYENT S/N|08500|VIC,41.928238,2.250754,41.928238,2.250754,0.00,Carrer del Doctor Junyent,,1
CALLE DON BLANCA 114|08560|MANLLEU,42.005404,2.277775,42.005405,2.277774,0.14,Carrer Doña Blanca,,1
CALLE DUES SOLES 8|08500|VIC,41.929342,2.258170,41.929388,2.258143,5.58,Carrer de Dues Soles,,1
CALLE EIX ONZE DE SETEMBRE 11|08500|VIC,41.918332,2.247915,41.918332,2.247916,0.08,Carrer Eix Onze de Setembre,,1
CALLE EIX ONZE DE SETEMBRE 29|08500|VIC,41.918332,2.247915,41.918332,2.247916,0.08,Carrer Eix Onze de Setembre,,1
CALLE EL CANIGO 68|08570|TORELLO,42.050770,2.256546,42.050770,2.256546,0.00,Carrer del Canigó,,1
CALLE ELS ESTUDIS 13|08570|TORELLO,42.047974,2.265782,42.047974,2.265782,0.00,Carrer dels Estudis,,1
CALLE ELS PIRINEUS 21|08503|GURB,41.943004,2.247379,41.943004,2.247379,0.00,Carrer del Pirineu,,1
CALLE EMILI BOTEY ALSINA 24|08402|GRANOLLERS,41.597535,2.288429,41.597535,2.288429,0.00,Carrer d'Emili Botey Alsina,,1
CALLE ENRIC DELARIS 16|08560|MANLLEU,42.000361,2.282964,42.000360,2.283075,9.19,Carrer Enric Delaris,,1
CALLE ENRIC MORERA 27|08100|MOLLET DEL VALLES,41.544055,2.217529,41.544055,2.217529,0.00,Carrer d'Enric Morera,,1
CALLE ENRIC MORERA 37|08100|MOLLET DEL VALLES,41.544055,2.217529,41.544055,2.217529,0.00,Carrer d'Enric Morera,,1
CALLE ENRIC PRAT DE LA RIBA 49|08500|VIC,41.920584,2.250764,41.920584,2.250764,0.00,Carrer d'Enric Prat de la Riba,,1
CALLE ENRIC PRAT DE LA RIBA 7|08570|TORELLO,42.048603,2.264966,42.048603,2.264966,0.00,Carrer Enric Prat de la Riba,,1
CALLE ERMITA DE SANT SIXT 11|08500|VIC,41.928841,2.243398,41.928819,2.243249,12.60,Carrer del Bisbe Font Andreu,,1
CALLE ESGLESIA 9|08100|MOLLET DEL VALLES,41.539321,2.213440,41.539410,2.213297,15.50,Carrer de Pere Ramon,,1
CALLE ESTEVE GARRELL 3|08402|GRANOLLERS,41.592940,2.290122,41.592940,2.290122,0.00,Carrer d'Esteve Terrades,,1
CALLE FEDERICO GARCIA LORCA 3|08170|MONTORNES DEL VALLES,41.553815,2.267101,41.553737,2.267249,15.08,Carrer de Federico García Lorca,,1
CALLE FRANCESC FERRER I GUARDIA 9|08100|MOLLET DEL VALLES,41.548750,2.208013,41.548828,2.207980,9.09,Carrer de Francesc Ferrer i Guàrdia,,1
CALLE FRANCESC LAYRET 18|08100|MOLLET DEL VALLES,41.546259,2.204145,41.546225,2.204003,12.44,Carrer de Francesc Layret,,1
CALLE FRANCESC LAYRET 19-21|08107|MARTORELLES,41.528679,2.227013,41.528679,2.227013,0.00,Carrer de Francesc Layret,,1
CALLE FRANCESC LAYRET 28|08100|MOLLET DEL VALLES,41.547279,2.203721,41.547248,2.203581,12.18,Carrer de Francesc Layret,,1
CALLE FRANCESC LAYRET 65|08100|MOLLET DEL VALLES,41.546990,2.203547,41.547018,2.203673,10.97,Carrer de Francesc Layret,,1
CALLE FRANCESC MACIA 135|08402|GRANOLLERS,41.599746,2.287096,41.599746,2.287096,0.00,Avinguda de Francesc Macià,,1
CALLE FRANCESC MACIA 160|08401|GRANOLLERS,41.597957,2.286472,41.597929,2.286710,20.09,Avinguda de Francesc Macià,,1
CALLE FRANCESC MACIA 51|08100|MOLLET DEL VALLES,41.534891,2.214658,41.534755,2.214828,20.72,Carrer d'Àngel Guimerà,,1
CALLE FRANCESC MACIA 89|08100|MOLLET DEL VALLES,41.534891,2.214658,41.534755,2.214828,20.72,Carrer d'Àngel Guimerà,,1
CALLE FRANCESC PLA EL VIGATA 6|08500|VIC,41.936207,2.260771,41.936323,2.260727,13.39,"Carrer d'en Francesc Pla ""El Vigatà""",,1
CALLE FRANCESC RIBAS 1|08402|GRANOLLERS,41.613714,2.292026,41.613730,2.291927,8.44,Carrer de Girona,,1
CALLE FRANSCESC RIBAS 64|08402|GRANOLLERS,41.613714,2.292026,41.613730,2.291927,8.44,Carrer de Girona,,1
"CALLE FRANSCESC RIBAS, 64|08402|GRANOLLERS",41.613714,2.292026,41.613730,2.291927,8.44,Carrer de Girona,,1
CALLE GAIETA VINZIA 11|08100|MOLLET DEL VALLES,41.539919,2.211876,41.539962,2.211932,6.68,Carrer de Gaietà Vinzia,,1
CALLE GAIETA VINZIA 60|08100|MOLLET DEL VALLES,41.541288,2.210284,41.541235,2.210209,8.59,Carrer de Gaietà Vinzia,,1
CALLE GAIETA VINZIA 81|08100|MOLLET DEL VALLES,41.541383,2.209916,41.541422,2.209971,6.31,Carrer de Gaietà Vinzia,,1
CALLE GALILEU GALILEI 16|08403|GRANOLLERS,41.592642,2.264244,41.592642,2.264244,0.00,Carrer Galileu Galilei,,1
CALLE GALLECS 17|08100|MOLLET DEL VALLES,41.544204,2.210261,41.544233,2.210320,5.88,Carrer de Gallecs,,1
CALLE GALLECS 50|08100|MOLLET DEL VALLES,41.548589,2.207587,41.548589,2.207587,0.00,Carrer de Gallecs,,1
CALLE GALLECS 58|08100|MOLLET DEL VALLES,41.548026,2.207937,41.548001,2.207829,9.43,Carrer de Gallecs,,1
CALLE GALLECS 64|08100|MOLLET DEL VALLES,41.548419,2.207772,41.548395,2.207667,9.16,Carrer de Gallecs,,1
CALLE GARCIA ESTRADA 20|08560|MANLLEU,42.011587,2.290393,42.011587,2.290393,0.00,Carrer de Garcia Estrada,,1
CALLE GES D'AVALL 4|08570|TORELLO,42.047179,2.260597,42.047715,2.260881,64.01,Carrer de Sant Josep,,1
CALLE GIRONA 12|08402|GRANOLLERS,41.606114,2.300811,41.606114,2.300811,0.00,Carrer Girona,,1
CALLE GIRONA 14|08402|GRANOLLERS,41.606114,2.300811,41.606114,2.300811,0.00,Carrer Girona,,1
CALLE GIRONA 183|08402|GRANOLLERS,41.606114,2.300811,41.606114,2.300811,0.00,Carrer Girona,,1
CALLE GIRONA 300|08521|BELLAVISTA,41.617067,2.294143,41.617067,2.294143,0.00,Carrer de Girona,,1
CALLE GIRONA 301|08402|GRANOLLERS,41.606114,2.300811,41.606114,2.300811,0.00,Carrer Girona,,1
CALLE GIRONA 337|08402|GRANOLLERS,41.606114,2.300811,41.606114,2.300811,0.00,Carrer Girona,,1
CALLE GIRONA 33|08570|TORELLO,42.053294,2.252178,42.053294,2.252178,0.00,Carrer de Girona,,1
CALLE GIRONA 34|08521|LES FRANQUESES DEL VALLES,41.617231,2.294442,41.617277,2.294260,16.00,,,1
CALLE GOMBAU DE BESORA 1|08580|SANT QUIRZE DE BESORA,42.104831,2.217647,42.104841,2.217918,22.44,Carrer de l'Estació,,1
CALLE GRACIA 12|08573|ORIS,42.058186,2.238710,42.058186,2.238710,0.00,Carrer de Gràcia,,1
CALLE GRACIA 4|08573|ORIS,42.058186,2.238912,42.058145,2.238735,15.34,Carrer de Gràcia,,1
CALLE GRAN 1|08506|CALLDETENES,41.925429,2.282826,41.925429,2.282826,0.00,Carrer Gran,,1
CALLE GRAN VIAL 19-25|08160|MONTMELO,41.548148,2.254108,41.548148,2.254108,0.00,Carrer del Gran Vial,,1
CALLE INDEPENDENCIA 51|08150|PARETS DEL VALLES,41.560164,2.221666,41.560169,2.221767,8.44,Carrer de la Independència,,1
CALLE ISABEL DE VILLENA 35|08401|GRANOLLERS,41.604753,2.283938,41.604753,2.283938,0.00,Carrer d'Isabel de Villena,,1
CALLE ITALIA 28-30|08100|MOLLET DEL VALLES,41.539235,2.208575,41.539192,2.208595,5.06,Carrer de l'Abat Escarré,,1
CALLE JACINT VERDAGUER 20|08503|GURB,41.946403,2.239116,41.946460,2.239257,13.30,Carrer de Mossèn Jacint Verdaguer,,1
CALLE JACINT VERDAGUER 27|08500|VIC,41.930819,2.250234,41.930819,2.250234,0.00,Carrer de Jacint Verdaguer,,1
CALLE JACINT VERDAGUER 3|08170|MONTORNES DEL VALLES,41.542330,2.265084,41.542347,2.265043,3.91,Carrer de Jacint Verdaguer,,1
CALLE JACINT VERDAGUER 5|08500|VIC,41.930260,2.253396,41.930340,2.253423,9.16,Carrer de Jacint Verdaguer,,1
CALLE JAUME I 22|08510|RODA DE TER,41.989038,2.310133,41.989038,2.310133,0.00,Carrer de Jaume I,,1
CALLE JAUME I EL CONQUERIDOR 1|08500|VIC,41.932909,2.256359,41.932909,2.256359,0.00,Carrer de Jaume I el Conqueridor,,1
CALLE JAUME I EL CONQUERIDOR 3|08500|VIC,41.932909,2.256359,41.932909,2.256359,0.00,Carrer de Jaume I el Conqueridor,,1
CALLE JOAN CODINA VIVET S/N|08560|MANLLEU,42.009355,2.301999,42.009355,2.301999,0.00,Carrer de Joan Codina Vivet,,1
CALLE JOAN MARAGALL S/N|08100|MOLLET DEL VALLES,41.536464,2.205967,41.536378,2.206184,20.48,,,1
CALLE JOAN PERE FONTANELLA 41|08401|GRANOLLERS,41.605299,2.284371,41.605300,2.284371,0.11,Carrer de Joan Pere Fontanella,,1
CALLE JOAN PRIM 114|08402|GRANOLLERS,41.613639,2.290125,41.613639,2.290125,0.00,Carrer de Ramon Llull,,1
CALLE JOAN PRIM 182|08402|GRANOLLERS,41.618305,2.293063,41.618448,2.293121,16.60,Carrer de Pere el Gran,,1
CALLE JOAN PRIM 4|08402|GRANOLLERS,41.613639,2.290125,41.613639,2.290125,0.00,Carrer de Ramon Llull,,1
CALLE JOANOT MARTORELL 272|08402|GRANOLLERS,41.599944,2.274573,41.600215,2.274991,46.04,Carrer Joanot Martorell,,1
CALLE JOAQUIM MIR 57|08100|MOLLET DEL VALLES,41.547942,2.219424,41.547895,2.219505,8.54,Carrer del Pintor Joaquim Mir,,1
CALLE JOAQUIM MIR 88|08100|MOLLET DEL VALLES,41.548036,2.219814,41.548095,2.219707,11.08,Carrer del Pintor Joaquim Mir,,1
CALLE JOSEP TARRADELLAS 28|08160|MONTMELO,41.551477,2.243719,41.551477,2.243719,0.00,Carrer de Josep Tarradellas,,1
CALLE JOSEP TORRAS I BAGES 50|08401|GRANOLLERS,41.611021,2.286814,41.610921,2.287269,39.51,Carrer d'Espanya,,1
CALLE JOSEP UMBERT 130|08402|GRANOLLERS,41.601614,2.296243,41.601614,2.296243,0.00,Carrer de Josep Umbert,,1
CALLE JOSEP VILANOVA 6|08572|SANT PERE DE TORELLO,42.073636,2.298188,42.073636,2.298188,0.00,Carrer de Josep Vilanova,,1
CALLE L'ALIANCA 7|08186|LLICA D'AMUNT,41.610877,2.239431,41.610732,2.239462,16.31,Carrer de l'Aliança,,1
CALLE L'ESTRELLA 12|08170|MONTORNES DEL VALLES,41.542162,2.265443,41.542162,2.265443,0.00,Carrer de l'Estrella,,1
CALLE LA LLOTJA 9|08500|VIC,41.925704,2.246415,41.925655,2.246222,16.91,,,1
CALLE LA PRIMAVERA 10|08107|MARTORELLES,41.526535,2.230247,41.526535,2.230248,0.08,Carrer de la Primavera,,1
CALLE LA RIERA 13|08100|MOLLET DEL VALLES,41.536380,2.217068,41.536380,2.217067,0.08,Carrer de la Riera,,1
CALLE LAS CREMADES S/N|08140|CALDES DE MONTBUI,41.637352,2.158852,41.637149,2.158853,22.55,,,1
CALLE LLEIDA 58|08560|MANLLEU,42.003214,2.290407,42.003214,2.290407,0.00,Carrer Lleida,,1
CALLE LLEIDA S/N|08500|VIC,41.946206,2.259170,41.946206,2.259170,0.00,Carrer de Lleida,,1
CALLE LLUIS COMPANYS 41|08401|GRANOLLERS,41.596468,2.282058,41.596468,2.282058,0.00,Carrer de Lluís Companys,,1
CALLE MAJOR 11|08160|MONTMELO,41.551043,2.247244,41.551127,2.247467,20.81,Carrer d'Àngel Guimerà,,1
CALLE MAJOR 12|08519|FOLGUEROLES,41.938693,2.318224,41.938693,2.318224,0.00,Carrer Major,,1
CALLE MAJOR 33|08505|SANTA EULALIA DE RIUPRIMER,41.911105,2.189755,41.911104,2.189755,0.11,Carrer Major,,1
CALLE MAJOR 4|08571|SANT VICEN# DE TORELLO,42.063195,2.274057,42.063195,2.274057,0.00,Carrer Major,,1
CALLE MAJOR 53|08160|MONTMELO,41.551043,2.247244,41.551127,2.247467,20.81,Carrer d'Àngel Guimerà,,1
CALLE MAJOR 61|08170|MONTORNES DEL VALLES,41.540300,2.271578,41.540300,2.271579,0.08,Carrer Major,,1
CALLE MAJOR 66|08170|MONTORNES DEL VALLES,41.540300,2.271578,41.540300,2.271579,0.08,Carrer Major,,1
CALLE MALLORCA 10|08401|GRANOLLERS,41.600924,2.286601,41.600925,2.286601,0.11,Carrer de Mallorca,,1
CALLE MANLLEU 42|08500|VIC,41.932376,2.255408,41.932376,2.255408,0.00,Carrer de Manlleu,,1
CALLE MANLLEU 5|08500|VIC,41.932376,2.255408,41.932376,2.255408,0.00,Carrer de Manlleu,,1
CALLE MARE DE DEU DE MONTSERRAT 56|08401|GRANOLLERS,41.600819,2.284991,41.600819,2.284991,0.00,Carrer de Mare de Déu de Montserrat,,1
CALLE MARE DE DEU DE MONTSERRAT 58|08401|GRANOLLERS,41.600819,2.284991,41.600819,2.284991,0.00,Carrer de Mare de Déu de Montserrat,,1
CALLE MARQUES DE PALMEROLA 7|08508|LES MASIES DE VOLTREGA,42.003172,2.241584,42.003172,2.241584,0.00,Carrer Marquès de Palmerola,,1
CALLE MAS ESTAPER 8|08400|GRANOLLERS,41.614238,2.274921,41.614238,2.274921,0.00,Carrer del Mas Estaper,,1
CALLE MAS MORENETA S/N|08160|MONTMELO,41.549295,2.239633,41.549295,2.239633,0.00,Carrer de Mas Pellicer,,1
CALLE MATAGALLS 16|08107|MARTORELLES,41.526525,2.249458,41.526525,2.249458,0.00,Carrer del Matagalls,,1
CALLE MATARO 6|08403|GRANOLLERS,41.609925,2.278118,41.609925,2.278118,0.00,Carrer de Mataró,,1
CALLE MATARO S/N|08500|VIC,41.940971,2.253514,41.940971,2.253514,0.00,Carrer de Mataró,,1
CALLE MATARRANYA 2|08186|LLICA D'AMUNT,41.620560,2.213236,41.620560,2.213236,0.00,Carrer del Matarranya,,1
CALLE MATARRANYA 6|08186|LLICA D'AMUNT,41.620560,2.213236,41.620560,2.213236,0.00,Carrer del Matarranya,,1
CALLE MERCAT 7|08100|MOLLET DEL VALLES,41.536824,2.211613,41.536802,2.211596,2.83,,,1
CALLE METALURGIA S/N|08186|LLICA D AMUNT,41.608517,2.239511,41.608481,2.239268,20.64,Carrer d'Anselm Clavé,,1
CALLE MIQUEL BIADA 1|08105|SANT FOST DE CAMPSENTELLES,41.513799,2.240785,41.513799,2.240785,0.00,Carrer Miquel Biadat,,1
CALLE MIQUEL RICOMA 55|08401|GRANOLLERS,41.605520,2.286372,41.605520,2.286302,5.83,Carrer de Miquel Ricomà,,1
CALLE MIQUEL RICOMA 92|08401|GRANOLLERS,41.607334,2.286295,41.607203,2.286287,14.56,Carrer de Miquel Ricomà,,1
CALLE MIRAMARGES 1|08500|VIC,41.930311,2.246258,41.930311,2.246258,0.00,Carrer de Miramarges,,1
CALLE MIRAMARGES 8|08500|VIC,41.932580,2.247966,41.932537,2.248205,20.39,Carrer de Miramarges,,1
CALLE MISERICORDIA 4|08500|VIC,41.931570,2.258504,41.931570,2.258504,0.00,Carrer de la Misericòrdia,,1
CALLE MONISTROL 1|08150|PARETS DEL VALLES,41.562495,2.230057,41.562495,2.230057,0.00,Carrer de Monistrol,,1
CALLE MONTESQUIU 41|08570|TORELLO,42.050210,2.254459,42.050210,2.254459,0.00,Carrer de Montesquiu,,1
CALLE MONTSENY 10|08402|GRANOLLERS,41.609992,2.302936,41.609992,2.302937,0.08,Carrer del Montseny,,1
CALLE MONTSENY 1|08402|GRANOLLERS,41.609992,2.302936,41.609992,2.302937,0.08,Carrer del Montseny,,1
CALLE MONTSENY 4|08402|GRANOLLERS,41.609850,2.302168,41.609719,2.301724,39.76,,,1
CALLE MOSSEN PARASSOLS 1|08570|TORELLO,42.046965,2.262729,42.046965,2.262730,0.08,Carrer de Mn Parassols,,1
CALLE MOSSOS D'ESQUADRA 4|08100|MOLLET DEL VALLES,41.544080,2.220798,41.544165,2.220452,30.38,Rambla de Pompeu Fabra,,1
CALLE MUSEU 10-12|08401|GRANOLLERS,41.606885,2.288425,41.606826,2.289345,76.95,Plaça Pau Casals,,1
CALLE NICARAGUA 5|08100|MOLLET DEL VALLES,41.548770,2.205299,41.548608,2.205381,19.25,,,1
CALLE NURIA 14|08570|TORELLO,42.051307,2.254576,42.051307,2.254576,0.00,Carrer de Núria,,1
CALLE NURIA 27|08504|SANT JULIA DE VILATORTA,41.923517,2.323384,41.923518,2.323384,0.11,Carrer de Núria,,1
CALLE ONZE DE SETEMBRE 28|08100|MOLLET DEL VALLES,41.534973,2.207899,41.534913,2.207873,7.01,Carrer de l'Onze de Setembre,,1
CALLE ONZE DE SETEMBRE 9-13|08100|MOLLET DEL VALLES,41.534695,2.208433,41.534765,2.208465,8.22,Carrer de l'Onze de Setembre,,1
CALLE PALAU D'AMETLLA 14|08170|MONTORNES DEL VALLES,41.541811,2.265636,41.541811,2.265636,0.00,Carrer de Palau d'Ametlla,,1
CALLE PALAU D'AMETLLA 15|08170|MONTORNES DEL VALLES,41.541811,2.265636,41.541811,2.265636,0.00,Carrer de Palau d'Ametlla,,1
CALLE PAU VILA 12|08100|MOLLET DEL VALLES,41.545986,2.210377,41.546071,2.210340,9.93,Carrer de Pau Vila,,1
CALLE PERE RAMON 1|08100|MOLLET DEL VALLES,41.538999,2.212766,41.539120,2.212460,28.86,Avinguda de Jaume I,,1
CALLE PEROT ROCAGUINARDA 5|08500|VIC,41.928471,2.246344,41.928534,2.246726,32.45,Carrer de Perot Rocaguinarda,,1
CALLE PINEDA FOSCA 2|08100|MOLLET DEL VALLES,41.533522,2.215826,41.533609,2.215902,11.56,Carrer del Doctor Alexander Fleming,,1
CALLE PINTOR HUGUET 62|08226|TERRASSA,41.571559,2.024162,41.571559,2.024162,0.00,Carrer del pintor Huguet,,1
CALLE PIRINEU 22|08507|SANTA EUGENIA DE BERGA,41.903031,2.284143,41.903031,2.284143,0.00,Carrer del Pirineu,,1
CALLE PIUS XII 20|08500|VIC,41.923210,2.253579,41.923210,2.253579,0.00,Avinguda Pius XII,,1
CALLE POMPEU FABRA 15|08401|GRANOLLERS,41.607935,2.284838,41.607687,2.284920,28.38,Carrer de Sant Josep,,1
CALLE POMPEU FABRA 41|08105|SANT FOST DE CAMPSENTELLES,41.525764,2.221822,41.525764,2.221822,0.00,Carrer de Pompeu Fabra,,1
CALLE PONENT 12|08401|GRANOLLERS,41.609541,2.285791,41.609570,2.285663,11.14,Carrer de Ponent,,1
CALLE PROVENCA 200|08226|TERRASSA,41.575738,2.024970,41.575738,2.024970,0.00,Carrer de Provença,,1
CALLE PUIG 2|08505|SANTA EULALIA DE RIUPRIMER,41.912020,2.188045,41.912020,2.188046,0.08,carrer del Puig,,1
CALLE PUIG-ROVI 31|08570|TORELLO,42.051446,2.258303,42.051446,2.258303,0.00,Carrer de Puig-roví,,1
CALLE PUIGSACALM 15|08560|MANLLEU,42.001440,2.280765,42.001440,2.280764,0.08,Carrer Puigsacalm,,1
CALLE RAFAEL CASANOVA 56|08401|GRANOLLERS,41.612821,2.286228,41.612849,2.286119,9.60,Carrer de Rafael Casanova,,1
CALLE RAFAEL CASANOVA 64|08401|GRANOLLERS,41.611964,2.285709,41.611964,2.285709,0.00,Carrer de Rafael Casanova,,1
CALLE RAFAEL CASANOVA 6|08186|LLICA D'AMUNT,41.607506,2.240180,41.607507,2.240180,0.11,Carrer de rafael Casanova,,1
CALLE RAMON LLULL 17|08400|GRANOLLERS,41.613728,2.287919,41.613924,2.287972,22.21,Carrer de Ramon Llull,,1
CALLE REC D'ACUMULADA 9|08519|FOLGUEROLES,41.936818,2.311755,41.936818,2.311755,0.00,Carrer Rec d'Acumulada,,1
CALLE RIBERA D'EBRE 81|08186|LLICA D'AMUNT,41.613172,2.217870,41.613172,2.217870,0.00,Carrer de la Ribera d'Ebre,,1
CALLE RIERA 13|08500|VIC,41.931199,2.240379,41.931199,2.240379,0.00,Carrer de la Miqueleta Riera,,1
CALLE RIPOLL 53|08500|VIC,41.946460,2.256035,41.946460,2.256035,0.00,Carrer de Ripoll,,1
CALLE RIPOLL 67|08500|VIC,41.946983,2.257683,41.946807,2.257600,20.73,Carrer de Ripoll,,1
CALLE ROGER DE FLOR 45|08401|GRANOLLERS,41.609642,2.283416,41.609642,2.283417,0.08,Carrer de Roger de Flor,,1
CALLE SABADELL 04-JUN|08500|VIC,41.940430,2.252483,41.940430,2.252484,0.08,Carrer de Sabadell,,1
CALLE SALVADOR ESPRIU 10|08150|PARETS DEL VALLES,41.572719,2.236508,41.572719,2.236508,0.00,Carrer Salvador Espriu,,1
CALLE SALVADOR ESPRIU 30|08100|MOLLET DEL VALLES,41.547337,2.205914,41.547277,2.205939,6.98,Carrer de Salvador Espriu,,1
CALLE SALVADOR ESPRIU 38|08100|MOLLET DEL VALLES,41.546994,2.204472,41.546893,2.204439,11.55,Carrer de Salvador Espriu,,1
CALLE SANT ANTONI MARIA CLARET 1|08500|VIC,41.927869,2.253946,41.927869,2.253946,0.00,Carrer de Sant Antoni Maria Claret,,1
CALLE SANT FIDEL 3|08500|VIC,41.930915,2.256203,41.930915,2.256203,0.00,Carrer de Sant Fidel,,1
CALLE SANT FRANCESC 110|08500|VIC,41.925384,2.257122,41.925384,2.257122,0.00,Carrer de Sant Francesc,,1
CALLE SANT JAUME 25|17401|ARBUCIES,41.815446,2.513035,41.887535,2.442559,9916.61,Carretera de Sant Sadurní d'Osormort. Tram oest,,0
CALLE SANT JORDI 9|08503|GURB,41.941006,2.242308,41.941022,2.242287,2.49,Carrer de Sant Jordi,,1
CALLE SANT JOSEP 1|08401|GRANOLLERS,41.607619,2.284436,41.607618,2.284436,0.11,Carrer de Sant Josep,,1
CALLE SANT JOSEP 2|08510|LES MASIES DE RODA,41.990762,2.316924,41.990762,2.316925,0.08,Carrer Sant Josep,,1
CALLE SANT JOSEP 5|08401|GRANOLLERS,41.607619,2.284436,41.607618,2.284436,0.11,Carrer de Sant Josep,,1
CALLE SANT MARTI XIC 6|08508|LES MASIES DE VOLTREGA,42.008933,2.240238,42.008933,2.240238,0.00,Carrer Sant Martí Xic,,1
CALLE SANT MIQUEL DELS SANTS 1|08500|VIC,41.929799,2.254753,41.929835,2.254762,4.07,Carrer de Sant Miquel dels Sants,,1
CALLE SANT PERE 32|08510|RODA DE TER,41.985352,2.312126,41.985352,2.312125,0.08,Carrer de Sant Pere,,1
CALLE SANT ROC 19|08402|GRANOLLERS,41.599703,2.291233,41.599721,2.291026,17.38,Carrer Llevant,,1
CALLE SANT ROC 29|08401|GRANOLLERS,41.608339,2.288435,41.608146,2.289737,110.60,,,1
CALLE SANT ROC 29|08503|GURB,41.939777,2.238478,41.939777,2.238478,0.00,Carrer de Sant Roc,,1
CALLE SANT SADURNI 37-39|08430|LA ROCA DEL VALLES,41.590168,2.326092,41.590172,2.325870,18.52,Carrer de l'Església,,1
CALLE SANTA ESPERAN#A 11|08401|GRANOLLERS,41.607636,2.288262,41.607434,2.289415,98.67,Plaça Pau Casals,,1
CALLE SANTIAGO RUSI#OL 1|08500|VIC,41.935702,2.259921,41.935702,2.259922,0.08,Carrer d'en Santiago Rusiñol,,1
CALLE SANTIAGO RUSI?OL 9|08160|MONTMELO,41.596081,2.578315,41.672545,2.480215,11788.02,Autopista de la Mediterrània,,0
CALLE SOCOS 20|08540|CENTELLES,41.796741,2.218958,41.796741,2.218958,0.00,Carrer de la Mare de Déu del Socors,,1
CALLE SOGORB 35-37|08560|MANLLEU,42.006632,2.289361,42.006633,2.289361,0.11,Carrer Sogorb,,1
CALLE SOGORB 79|08560|MANLLEU,42.006632,2.289361,42.006633,2.289361,0.11,Carrer Sogorb,,1
CALLE SOLEDAT 13|08500|VIC,41.927242,2.255694,41.927242,2.255694,0.00,Carrer de la Soledat,,1
CALLE SOLEDAT 4|08500|VIC,41.927242,2.255694,41.927242,2.255694,0.00,Carrer de la Soledat,,1
CALLE SOLSONA 4|08500|VIC,41.939043,2.253095,41.939259,2.253041,24.41,,,1
CALLE TAGAMANENT 1|08500|VIC,41.919623,2.256953,41.919610,2.256812,11.78,Carrer de Tagamanent,,1
CALLE TER 66|08570|TORELLO,42.047269,2.258806,42.047269,2.258806,0.00,Carrer del Ter,,1
CALLE TORELLO 25|08500|VIC,41.932562,2.265932,41.932562,2.265932,0.00,Carrer Torelló,,1
CALLE TORRENT 3|08510|RODA DE TER,41.985656,2.305737,41.985656,2.305737,0.00,Carrer del Torrent,,1
CALLE TORRES I BAGES 53|08401|GRANOLLERS,41.611021,2.286814,41.610921,2.287269,39.51,Carrer d'Espanya,,1
CALLE TRAVESSERES 43|08401|GRANOLLERS,41.609029,2.286280,41.609113,2.286049,21.39,Carrer del Triomf,,1
CALLE TRES TORRES 16|08401|GRANOLLERS,41.606678,2.282952,41.606528,2.282959,16.67,Carrer d'Anníbal,,1
CALLE VALLESPIR 10|08402|GRANOLLERS,41.590882,2.288042,41.590882,2.288042,0.00,Carrer Vallespir,,1
CALLE VALLESPIR 1|08402|GRANOLLERS,41.590882,2.288042,41.590882,2.288042,0.00,Carrer Vallespir,,1
CALLE VERDAGUER 2|08572|SANT PERE DE TORELLO,42.075131,2.296562,42.075351,2.296581,24.49,Carrer Verdaguer,,1
"CALLE VERNEDA 66-70, LOCAL 2|08107|MARTORELLES",41.536549,2.230297,41.536549,2.230297,0.00,Carrer de la Verneda,,1
CALLE VIC 7|08160|MONTMELO,41.557427,2.252341,41.557401,2.252402,5.85,Carrer de Vic,,1
CALLE VICTOR CATALA 15|08150|PARETS DEL VALLES,41.574478,2.223925,41.574478,2.223926,0.08,Carrer de l'Orfeó Català,,1
CALLE VICTOR CATALA 2|08150|PARETS DEL VALLES,41.574478,2.223925,41.574478,2.223926,0.08,Carrer de l'Orfeó Català,,1
CALLE VICTOR CATALA 9|08150|PARETS DEL VALLES,41.574478,2.223925,41.574478,2.223926,0.08,Carrer de l'Orfeó Català,,1
CALLE VILANOVA S/N|08170|MONTORNES DEL VALLES,41.542545,2.267056,41.542460,2.267004,10.39,Carrer d'Anselm Clavé,,1
CAMI DE LA PINEDA 6|08186|LLICA D'AMUNT,41.607157,2.226912,41.607157,2.226912,0.00,Camí de la Pineda,,1
CAMI DEL GUAL 11|08187|SANTA EULALIA DE RONCANA,41.638043,2.236990,41.638043,2.236990,0.00,Camí del Gual,,1
CAMINO CAN VILA S/N|08100|MOLLET DEL VALLES,41.554918,2.216636,41.554914,2.217174,44.87,Camí de Can Vila,,1
CAMINO ELS CASTANYERS S/N|08105|SANT FOST DE CAMPSENTELLES,41.497224,2.233309,41.499596,2.235815,336.48,,,0
CAN FENOSA 1-2 -|08107|MARTORELLES,41.534762,2.229102,41.535170,2.228522,66.31,Carrer de la Verneda,,1
CAN MAGRE 23|08100|MOLLET DEL VALLES,41.543116,2.219026,41.543116,2.219026,0.00,Carrer de Can Magre,,1
CAN PARELLADA SN|08170|MONTORNES DEL VALLES,41.565088,2.272133,41.564714,2.272632,58.80,Camí de Can Pla,,1
CARRER BARCELONA 1|08508|LES MASIES DE VOLTREGA,42.016368,2.245132,42.016368,2.245132,0.00,Carrer Barcelona,,1
CARRER BARCELONA 28|08508|LES MASIES DE VOLTREGA,42.009454,2.241359,42.009616,2.241126,26.38,Carrer Onze de Setembre,,1
CARRER BARCELONA 60|08521|BELLAVISTA,41.621178,2.300617,41.621274,2.300349,24.75,Carrer de Maria Elena Maseras,,1
CARRER BARONIA DE MONTBUI 42|08186|LLICA D'AMUNT,41.605725,2.238985,41.605725,2.238985,0.00,Carrer de la Baronia de Montbui,,1
CARRER CAMI VELL DE VIC 16|08519|FOLGUEROLES,41.937876,2.310099,41.937726,2.310012,18.16,camí Vell de Vic,,1
CARRER CAN MAGI 10|08210|BARBERA DEL VALLES,41.517218,2.144816,41.517218,2.144816,0.00,Carrer Can Magí,,1
CARRER CAN MAGRE 23|08100|MOLLET DEL VALLES,41.543116,2.219026,41.543116,2.219026,0.00,Carrer de Can Magre,,1
CARRER CAN NADAL 12|08185|LLICA DE VALL,41.589994,2.249951,41.589778,2.250025,24.77,,,1
CARRER COLOM 209|08223|TERRASSA,41.548045,2.027546,41.548045,2.027546,0.00,Carrer de Colom,,1
CARRER D' ESTEVE GARRELL 8|08402|GRANOLLERS,41.592940,2.290122,41.592940,2.290122,0.00,Carrer d'Esteve Terrades,,1
CARRER D'ALFONS IV 38|08401|GRANOLLERS,41.604557,2.288142,41.604557,2.288142,0.00,Carrer d'Alfons IV,,1
CARRER D'ALFONS IV 48|08401|GRANOLLERS,41.604557,2.288142,41.604557,2.288142,0.00,Carrer d'Alfons IV,,1
CARRER D'ANSELM CLAVE 13|08100|MOLLET DEL VALLES,41.538623,2.214425,41.538623,2.214425,0.00,Carrer d'Anselm Clavé,,1
CARRER D'ANSELM CLAVE 15|08100|MOLLET DEL VALLES,41.538729,2.214387,41.538696,2.214474,8.13,Carrer d'Anselm Clavé,,1
CARRER D'ANSELM CLAVE 60|08186|LLICA D'AMUNT,41.609158,2.239292,41.609158,2.239293,0.08,Carrer d'Anselm Clavé,,1
CARRER D'ARAGO 11|08150|PARETS DEL VALLES,41.558080,2.218887,41.558086,2.219075,15.69,Carrer d'Amanda Sacristà,,1
CARRER D'ARAGO 2|08150|PARETS DEL VALLES,41.573134,2.233839,41.573072,2.233868,7.30,Carrer Major,,1
CARRER D'EMILI BOTEY ALSINA 22|08402|GRANOLLERS,41.597535,2.288429,41.597535,2.288429,0.00,Carrer d'Emili Botey Alsina,,1
CARRER D'EN BAC DE RODA 45|08510|RODA DE TER,41.984288,2.309861,41.984288,2.309861,0.00,Carrer de Bac de Roda,,1
CARRER D'EUROPA 1|08913|BADALONA,41.438236,2.216669,41.438206,2.216603,6.45,Carrer de Ramiro de Maeztu,,1
CARRER D'ISABEL DE VILLENA 64|08401|GRANOLLERS,41.604753,2.283938,41.604753,2.283938,0.00,Carrer d'Isabel de Villena,,1
CARRER DE BARCELONA 136|08105|SANT FOST DE CAMPSENTELLES,41.518752,2.232832,41.518750,2.232697,11.27,,,1
CARRER DE BARCELONA 71|08510|RODA DE TER,41.976481,2.304362,41.976481,2.304362,0.00,Carrer de Barcelona,,1
CARRER DE BERENGUER III S/N|08100|MOLLET DEL VALLES,41.536247,2.215520,41.536247,2.215520,0.00,Carrer de Berenguer III,,1
CARRER DE BORRELL 16|08100|MOLLET DEL VALLES,41.543538,2.209294,41.543508,2.209240,5.60,Carrer de Borrell,,1
CARRER DE CABRERA 1|08570|TORELLO,42.045010,2.272013,42.045009,2.272012,0.14,Carrer Cabrera,,1
CARRER DE CAN FLEQUER 17|08100|MOLLET DEL VALLES,41.544915,2.220243,41.544915,2.220243,0.00,Carrer de Can Flequer,,1
CARRER DE CAN PANTIQUET 18|08100|MOLLET DEL VALLES,41.547999,2.219331,41.548114,2.219451,16.23,Carrer de Lluís Millet,,1
CARRER DE CAN PANTIQUET 36|08100|MOLLET DEL VALLES,41.544312,2.219483,41.544393,2.219350,14.29,Carrer de Can Mollet,,1
CARRER DE CAN PANTIQUET S/N|08100|MOLLET DEL VALLES,41.547612,2.221660,41.547612,2.221660,0.00,Carrer de Can Pantiquet,,1
CARRER DE CANIGO 41|08570|TORELLO,42.050770,2.256546,42.050770,2.256546,0.00,Carrer del Canigó,,1
CARRER DE CARLES RIBA 3|08170|MONTORNES DEL VALLES,41.555571,2.270527,41.555571,2.270527,0.00,carrer de Carles Riba,,1
CARRER DE CLAUDI ARANO I ARANO 17|08100|MOLLET DEL VALLES,41.553607,2.230115,41.553607,2.230115,0.00,Carrer de Claudi Arañó i Arañó,,1
CARRER DE CORRO 15|08401|GRANOLLERS,41.609454,2.287857,41.609582,2.288552,59.64,,,1
CARRER DE FEDERICO GARCIA LORCA 12|08170|MONTORNES DEL VALLES,41.554961,2.268810,41.554961,2.268810,0.00,Carrer de Federico García Lorca,,1
CARRER DE FEDERICO GARCIA LORCA 25|08170|MONTORNES DEL VALLES,41.554961,2.268810,41.554961,2.268810,0.00,Carrer de Federico García Lorca,,1
CARRER DE FEDERICO GARCIA LORCA 2|08170|MONTORNES DEL VALLES,41.553719,2.267259,41.553719,2.267260,0.08,Carrer de Federico García Lorca,,1
CARRER DE FOLCH I TORRES 102|08186|LLICA D'AMUNT,41.613564,2.238976,41.613564,2.238976,0.00,Carrer d'en Folch i Torres,,1
CARRER DE FRANCESC FERRER I GUAR 15|08100|MOLLET DEL VALLES,41.548881,2.208202,41.548881,2.208202,0.00,Carrer de Francesc Ferrer i Guàrdia,,1
CARRER DE FRANCESC FERRER I GUAR 21|08100|MOLLET DEL VALLES,41.548452,2.206748,41.548522,2.206718,8.17,Carrer de Francesc Ferrer i Guàrdia,,1
CARRER DE FRANCESC LAYRET 71|08100|MOLLET DEL VALLES,41.547429,2.203361,41.547459,2.203497,11.83,Carrer de Francesc Layret,,1
CARRER DE FRANCESC MARIA MASFERRE 4|08500|VIC,41.928472,2.259685,41.928463,2.259020,55.17,,,1
CARRER DE FRANCESC PLA EL VIGATA 1|08500|VIC,41.936927,2.260140,41.937289,2.260013,41.57,,,1
CARRER DE FRUCTUOS GELABERT 1|08970|SANT JOAN DESPI,41.372577,2.067348,41.372577,2.067348,0.00,Carrer de Fructuós Gelabert,,1
CARRER DE GAIETA VINZIA 20|08100|MOLLET DEL VALLES,41.540214,2.211742,41.540154,2.211667,9.14,Carrer de Gaietà Vinzia,,1
CARRER DE GALLECS 47|08100|MOLLET DEL VALLES,41.546000,2.208720,41.546023,2.208765,4.54,Carrer de Gallecs,,1
CARRER DE GALLECS 71|08100|MOLLET DEL VALLES,41.547965,2.207612,41.547995,2.207736,10.87,Carrer de Gallecs,,1
CARRER DE GALLECS 75|08100|MOLLET DEL VALLES,41.548374,2.207441,41.548403,2.207559,10.36,Carrer de Gallecs,,1
CARRER DE GIRONA 122|08402|GRANOLLERS,41.608879,2.290621,41.608879,2.290621,0.00,Carrer de Girona,,1
CARRER DE GIRONA 161|08402|GRANOLLERS,41.608879,2.290621,41.608879,2.290621,0.00,Carrer de Girona,,1
CARRER DE GIRONA 4|08402|GRANOLLERS,41.608879,2.290621,41.608879,2.290621,0.00,Carrer de Girona,,1
CARRER DE GIRONA 90|08402|GRANOLLERS,41.608879,2.290621,41.608879,2.290621,0.00,Carrer de Girona,,1
CARRER DE JACINT VERDAGUER 6|08170|MONTORNES DEL VALLES,41.541348,2.264628,41.541009,2.264494,39.28,Carrer de Joan XXIII,,1
CARRER DE JACINT VERDAGUER 9|08170|MONTORNES DEL VALLES,41.542243,2.264912,41.542274,2.264925,3.61,Carrer de l'Estrella,,1
CARRER DE JAUME COLL 3|08100|MOLLET DEL VALLES,41.545837,2.206997,41.545872,2.207135,12.16,Carrer de Jaume Coll,,1
CARRER DE JOAN BROSSA 7|08100|MOLLET DEL VALLES,41.536464,2.205967,41.536378,2.206184,20.48,,,1
CARRER DE JOAN COROMINAS 22|08401|GRANOLLERS,41.607952,2.286669,41.608184,2.286049,57.74,Carrer de Sant Bartomeu,,1
CARRER DE JOAN MARAGALL 19|08100|MOLLET DEL VALLES,41.536503,2.206440,41.536492,2.206321,10.01,Carrer del Poeta Joan Maragall,,1
CARRER DE JOAN PRIM 7|08401|GRANOLLERS,41.615328,2.290970,41.615328,2.290970,0.00,Carrer de Joan Prim,,1
CARRER DE JOAN XXIII 4|08107|MARTORELLES,41.527431,2.242834,41.527431,2.242834,0.00,avinguda de Joan XXIII,,1
CARRER DE JOANOT MARTORELL 34|08403|GRANOLLERS,41.611142,2.277884,41.611142,2.277884,0.00,Carrer Joanot Martorell,,1
CARRER DE JOAQUIM MIR 53|08100|MOLLET DEL VALLES,41.545131,2.216704,41.545131,2.216704,0.00,Carrer del Pintor Joaquim Mir,,1
CARRER DE L'AGRICULTURA 11|08100|MOLLET DEL VALLES,41.545733,2.207969,41.545778,2.207929,6.01,Carrer de l'Agricultura,,1
CARRER DE L'ALCALDE PERE ROVIRA 2|17860|SANT JOAN DE LES ABEDESSES,42.233128,2.286763,42.182418,2.236662,6988.31,Camí de Llaés a Sant Bernabé de Tenes,,0
CARRER DE L'ALZINA 29|08186|LLICA D'AMUNT,41.602315,2.199076,41.602315,2.199076,0.00,Carrer de l'Alzina,,1
CARRER DE L'ANOIA 7|08192|SANT QUIRZE DEL VALLES,41.541162,2.075403,41.541161,2.075403,0.11,Carrer de l'Anoia,,1
CARRER DE L'HOSPITAL 7|08402|GRANOLLERS,41.613701,2.296286,41.613791,2.296553,24.39,,,1
CARRER DE LA CANAL 9|17869|VILALLONGA DE TER,42.330346,2.311787,42.182418,2.236662,17561.47,Camí de Llaés a Sant Bernabé de Tenes,,0
CARRER DE LA CIUTAT S/N|08500|VIC,41.929745,2.255116,41.929745,2.255116,0.00,Carrer de la Ciutat,,1
CARRER DE LA FUSINA 34|08500|VIC,41.930653,2.257256,41.930653,2.257256,0.00,Carrer Fusina,,1
CARRER DE LA LLOTJA 7|08500|VIC,41.926198,2.246843,41.926198,2.246842,0.08,Carrer de la Llotja,,1
CARRER DE LA MINA 8|08150|PARETS DEL VALLES,41.561845,2.229052,41.561846,2.229052,0.11,Carrer de la Mina,,1
CARRER DE LA PAU 21|08100|MOLLET DEL VALLES,41.537993,2.214525,41.538151,2.214107,39.05,Carrer d'Anselm Clavé,,1
CARRER DE LA PAU 28|08100|MOLLET DEL VALLES,41.538042,2.214186,41.538087,2.214065,11.27,Carrer d'Anselm Clavé,,1
CARRER DE LA RIBERA D'EBRE 56|08186|LLICA D'AMUNT,41.615639,2.217418,41.615586,2.217115,25.93,Carrer de la Ribera d'Ebre,,1
CARRER DE LES CARNISSERIES 34|08500|VIC,41.930050,2.255549,41.930125,2.255753,18.86,Carrer dels Argenters,,1
CARRER DE MAGALLANES 16|08100|MOLLET DEL VALLES,41.545245,2.211242,41.545286,2.211194,6.07,Carrer de Magallanes,,1
CARRER DE MANUEL SERRA I MORET 4|08500|VIC,41.224719,1.723867,41.346466,1.955123,23627.05,Avinguda Torrelletes,,0
CARRER DE MARY SANTPERE 1|08150|PARETS DEL VALLES,41.565083,2.227230,41.565266,2.227355,22.84,Carrer de Mary Santpere,,1
CARRER DE MATARO 5|08500|VIC,41.940042,2.250364,41.940043,2.250364,0.11,Carrer de Mataró,,1
CARRER DE MILA 22|08917|BADALONA,41.455953,2.218977,41.455925,2.218943,4.21,Carrer de Milà,,1
CARRER DE MINETES 29|08402|GRANOLLERS,41.612156,2.293106,41.612156,2.293106,0.00,Carrer de les Minetes,,1
CARRER DE MIRAMARGES 10|08500|VIC,41.932426,2.247479,41.932299,2.246981,43.65,,,1
CARRER DE MONISTROL 1|08150|PARETS DEL VALLES,41.562495,2.230057,41.562495,2.230057,0.00,Carrer de Monistrol,,1
CARRER DE MONTSERRAT ROIG 19|08402|GRANOLLERS,41.593655,2.288749,41.593655,2.288749,0.00,Carrer de Montserrat Roig,,1
CARRER DE NURIA 24|08560|MANLLEU,42.004092,2.278262,42.004092,2.278262,0.00,Carrer de Núria,,1
CARRER DE PALAUDARIES 88|08186|LLICA D'AMUNT,41.615367,2.211140,41.615367,2.211140,0.00,Carrer del Solsonès,,1
CARRER DE POMPEU FABRA 15|08401|GRANOLLERS,41.607935,2.284838,41.607687,2.284920,28.38,Carrer de Sant Josep,,1
CARRER DE PONENT 55|08401|GRANOLLERS,41.612566,2.286896,41.612543,2.286985,7.84,Carrer de Ponent,,1
CARRER DE PRAT DE LA RIBA 31|08150|PARETS DEL VALLES,41.562347,2.229794,41.562347,2.229794,0.00,Carrer Prat de la Riba,,1
CARRER DE RAMON CASAS 9|08100|MOLLET DEL VALLES,41.541756,2.212880,41.541804,2.212868,5.42,Carrer de Ramon Llull,,1
CARRER DE RIPOLL 33|08500|VIC,41.946289,2.255043,41.946115,2.255123,20.43,Carrer de Ripoll,,1
CARRER DE ROGER DE FLOR 61|08401|GRANOLLERS,41.607706,2.283492,41.607718,2.283255,19.80,Carrer de Roger de Flor,,1
CARRER DE ROGER DE FLOR 75|08401|GRANOLLERS,41.609642,2.283416,41.609642,2.283417,0.08,Carrer de Roger de Flor,,1
CARRER DE RUPIT 12|08500|VIC,41.951391,2.283847,41.951391,2.283847,0.00,Carrer de Rupit,,1
CARRER DE SALVADOR ESPRIU 7|08100|MOLLET DEL VALLES,41.547536,2.207676,41.547585,2.207655,5.72,Carrer de Salvador Espriu,,1
CARRER DE SANT FELIU 19|08570|TORELLO,42.046354,2.262491,42.046567,2.262967,45.98,Carrer de Sant Feliu,,1
CARRER DE SANT JAUME 46|08401|GRANOLLERS,41.608570,2.285838,41.608570,2.285838,0.00,Carrer de Sant Jaume,,1
CARRER DE SANT JOAN 26|08100|MOLLET DEL VALLES,41.543966,2.209127,41.543926,2.209175,5.98,Carrer de Sant Joan,,1
CARRER DE SANT LLORENC 52|08100|MOLLET DEL VALLES,41.541629,2.211067,41.541605,2.211020,4.74,Carrer de Sant Llorenç,,1
CARRER DE SANT MIQUEL 1|08570|TORELLO,42.048034,2.263129,42.048034,2.263129,0.00,Carrer Sant Miquel,,1
CARRER DE SANT PAU 39|08500|VIC,41.930858,2.259253,41.930857,2.259253,0.11,Carrer de Sant Pau,,1
CARRER DE SANT PERE 7|08560|MANLLEU,42.003528,2.285927,42.003528,2.285927,0.00,Carrer de Sant Pere,,1
CARRER DE SANT QUINTI 45|17534|RIBES DE FRESER,42.305260,2.166990,42.182418,2.236662,14807.82,Camí de Llaés a Sant Bernabé de Tenes,,0
CARRER DE SANT SADURNI 12|08500|VIC,41.929322,2.256373,41.929599,2.256506,32.68,Carrer de Cardona,,1
CARRER DE SANTA ELISABET 15|08401|GRANOLLERS,41.608807,2.287812,41.609582,2.288552,105.89,,,1
CARRER DE TRES TORRES 2|08401|GRANOLLERS,41.597993,2.284474,41.597993,2.284474,0.00,Carrer de les Tres Torres,,1
CARRER DE VELEZ RUBIO 12|08918|BADALONA,41.435662,2.226909,41.435662,2.226909,0.00,Carrer de Vélez Rubio,,1
CARRER DE VILLA 79|08173|SANT CUGAT DEL VALLES,41.461238,2.079963,41.462472,2.078782,168.86,Rambla de Rivera,,1
CARRER DE WAGNER 2|08222|TERRASSA,41.562490,2.027674,41.562490,2.027674,0.00,Carrer de Wagner,,1
CARRER DEL BISBE CASTANYER 15|08572|SANT PERE DE TORELLO,42.074776,2.295978,42.074734,2.295794,15.93,,,1
CARRER DEL CAMP DE LES MORERES 3|08401|GRANOLLERS,41.600215,2.281061,41.600215,2.281061,0.00,Carrer Camp de les Moreres,,1
CARRER DEL FERROCARRIL 80|08100|MOLLET DEL VALLES,41.541670,2.207361,41.541382,2.207735,44.69,Carrer del Ferrocarril,,1
CARRER DEL FREIXA 1|17864|SANT PAU DE SEGURIES,42.264500,2.367723,42.169713,2.361037,10543.18,Carretera de Vidrà a Sant Privat d'en Bas,,0
CARRER DEL GERMA JOAQUIM 55|08223|TERRASSA,41.553210,2.021589,41.553210,2.021589,0.00,Carrer del Germà Joaquim,,1
CARRER DEL GRAN VIAL 3|08170|MONTORNES DEL VALLES,41.545701,2.261799,41.545602,2.261842,11.57,,,1
CARRER DEL MESTRE QUER 12|08580|SANT QUIRZE DE BESORA,42.101928,2.216690,42.101928,2.216690,0.00,Carrer del Mestre Quer,,1
CARRER DEL PARE COLL 2|08500|VIC,41.934416,2.253472,41.934416,2.253472,0.00,Carrer del Pare Coll,,1
CARRER DEL PINTOR MIR 2|08160|MONTMELO,41.550400,2.249668,41.550400,2.249668,0.00,Carrer Pintor Mir,,1
CARRER DEL PLA DE BAIX 51|08402|GRANOLLERS,41.597012,2.288545,41.597012,2.288546,0.08,Carrer del Pla de Baix,,1
CARRER DEL PLA DE BAIX 53|08402|GRANOLLERS,41.597012,2.288545,41.597012,2.288546,0.08,Carrer del Pla de Baix,,1
CARRER DEL PLA DE BALENYA 7|08500|VIC,41.932157,2.253376,41.932157,2.253376,0.00,Carrer del Pla de Balenyà,,1
CARRER DEL PLA DE BALENYA 9|08500|VIC,41.932157,2.253376,41.932157,2.253376,0.00,Carrer del Pla de Balenyà,,1
CARRER DEL RAVAL 1|08150|PARETS DEL VALLES,41.573134,2.233839,41.573072,2.233868,7.30,Carrer Major,,1
CARRER DEL TER 172|08570|TORELLO,42.050277,2.248451,42.050277,2.248451,0.00,Carrer del Ter,,1
CARRER DEL TIL·LER 27|08503|GURB,41.946044,2.241933,41.946043,2.241933,0.11,Carrer del Cabrerès,,1
CARRER DEL VIRREI AVILES 6|08500|VIC,41.920984,2.251159,41.920984,2.251159,0.00,Carrer Virrei Avilés,,1
CARRER DELS CORRETGERS 4|08500|VIC,41.929241,2.255914,41.929241,2.255914,0.00,Carrer dels Corretgers,,1
CARRER DELS ESTUDIS 6|08570|TORELLO,42.047974,2.265782,42.047974,2.265782,0.00,Carrer dels Estudis,,1
CARRER DELS MARQUESOS DE PALMEROL 2|08512|SANT HIPOLIT DE VOLTREGA,42.015155,2.239918,42.015155,2.239918,0.00,Carrer Marquesos de Palmerola,,1
CARRER DOCTOR FLEMING 53|08560|MANLLEU,42.001774,2.281600,42.001774,2.281600,0.00,Carrer Doctor Fleming,,1
CARRER D’EN PEROT ROCAGUINARDA 29|08500|VIC,41.933423,2.245420,41.933468,2.245663,20.77,Carrer de Perot Rocaguinarda,,1
CARRER D’EN PEROT ROCAGUINARDA 2|08500|VIC,41.930763,2.246250,41.930763,2.246250,0.00,Carrer de Perot Rocaguinarda,,1
CARRER EIX ONZE DE SETEMBRE 11|08500|VIC,41.925066,2.245647,41.925066,2.245647,0.00,Carrer Eix Onze de Setembre,,1
CARRER ENRIC PRAT DE LA RIBA 16|08500|VIC,41.920584,2.250764,41.920584,2.250764,0.00,Carrer d'Enric Prat de la Riba,,1
CARRER ESTEVE TERRADES 44|08402|GRANOLLERS,41.597991,2.290207,41.597991,2.290207,0.00,Carrer d'Esteve Terrades,,1
CARRER ESTEVE TERRADES 52|08402|GRANOLLERS,41.592940,2.290122,41.592940,2.290122,0.00,Carrer d'Esteve Terrades,,1
CARRER FRANCESC PUGET 2|08560|MANLLEU,42.004250,2.296083,42.004016,2.296159,26.74,,,1
CARRER FRANCISCO DE QUEVEDO 11|08402|GRANOLLERS,41.604278,2.291264,41.604278,2.291264,0.00,Carrer Francisco de Quevedo,,1
CARRER GRAN 15|08506|CALLDETENES,41.925476,2.282754,41.925448,2.282742,3.27,Carrer Gran,,1
CARRER GUAYAQUIL 30|08401|GRANOLLERS,41.604935,2.287564,41.604935,2.287564,0.00,Carrer de Guayaquil,,1
CARRER JAUME COLL 5|08100|MOLLET DEL VALLES,41.546052,2.206907,41.546085,2.207039,11.61,Carrer de Jaume Coll,,1
CARRER JOAQUIM BLUME 13|08105|SANT FOST DE CAMPSENTELLES,41.511603,2.241409,41.511603,2.241409,0.00,Carrer Joaquim Blume,,1
CARRER JOSEP TARRADELLAS 31|08187|SANTA EULALIA DE RONCANA,41.638890,2.233625,41.638890,2.233625,0.00,Carrer Josep Tarradellas,,1
CARRER L'ALIANCA 17|08186|LLICA D'AMUNT,41.610877,2.239431,41.610732,2.239462,16.31,Carrer de l'Aliança,,1
CARRER LA PAU 10|08170|MONTORNES DEL VALLES,41.544490,2.263859,41.544319,2.263751,21.02,Carrer de la Pau,,1
CARRER LLEIDA 7|17403|SANT HILARI SACALM,41.879243,2.511263,41.887535,2.442559,5777.19,Carretera de Sant Sadurní d'Osormort. Tram oest,,0
CARRER LLEVANT 2|08110|MONTCADA I REIXAC,41.477211,2.188616,41.477211,2.188616,0.00,Carrer de Llevant,,1
CARRER LLUIS COMPANYS 4|08160|MONTMELO,41.549758,2.245471,41.549394,2.245692,44.44,Carrer Primer de Maig,,1
CARRER MAJOR 16|08160|MONTMELO,41.551043,2.247244,41.551127,2.247467,20.81,Carrer d'Àngel Guimerà,,1
CARRER MAJOR 27|08160|MONTMELO,41.551043,2.247244,41.551127,2.247467,20.81,Carrer d'Àngel Guimerà,,1
CARRER MAJOR 31|08150|PARETS DEL VALLES,41.573134,2.233839,41.573072,2.233868,7.30,Carrer Major,,1
CARRER MAJOR 51|08160|MONTMELO,41.551043,2.247244,41.551127,2.247467,20.81,Carrer d'Àngel Guimerà,,1
CARRER MAJOR 57|08170|MONTORNES DEL VALLES,41.540300,2.271578,41.540300,2.271579,0.08,Carrer Major,,1
CARRER MAJOR 64|08170|MONTORNES DEL VALLES,41.540300,2.271578,41.540300,2.271579,0.08,Carrer Major,,1
CARRER MARE DE DEU DE LA SALUT 3|08187|SANTA EULALIA DE RONCANA,41.654401,2.229650,41.654401,2.229650,0.00,Carrer Mare de Déu del Pilar,,1
CARRER MARE DE DEU DELS MUTS 2|08500|VIC,41.935080,2.267016,41.935080,2.267016,0.00,Carrer de la Mare de Déu dels Munts,,1
CARRER MATAGALLS 75|08508|LES MASIES DE VOLTREGA,42.009755,2.244036,42.009538,2.243669,38.79,,,1
CARRER MIGUEL DE CERVANTES 19|08100|MOLLET DEL VALLES,41.543383,2.209726,41.543417,2.209687,4.99,Carrer de Miguel de Cervantes,,1
CARRER MONTSENY 10|08402|GRANOLLERS,41.609992,2.302936,41.609992,2.302937,0.08,Carrer del Montseny,,1
CARRER MONTSENY 15|08519|TAVERNOLES,41.952056,2.326706,41.952103,2.326806,9.80,,,1
CARRER MONTSENY 4|08402|GRANOLLERS,41.609850,2.302168,41.609719,2.301724,39.76,,,1
CARRER MONTSERRAT 20|08507|SANTA EUGENIA DE BERGA,41.899496,2.282579,41.899496,2.282579,0.00,Carrer de Montserrat,,1
CARRER NOU 7|08500|VIC,41.931418,2.259441,41.931418,2.259441,0.00,Carrer Nou,,1
CARRER NURIA 103|08570|TORELLO,42.053847,2.253160,42.053847,2.253160,0.00,Carrer de Núria,,1
CARRER PAISOS CATALANS 7|08191|VILANOVA DEL VALLES,41.481027,2.035849,41.480973,2.035894,7.08,Carrer del Doctor Ferran,,1
CARRER PINTOR GUARDIA 6|08560|MANLLEU,42.008243,2.281748,42.008243,2.281748,0.00,Carrer de Pintor Guàrdia,,1
CARRER RAFAEL CASANOVA 50|08401|GRANOLLERS,41.617894,2.287884,41.617894,2.287884,0.00,Carrer Rafael Casanova,,1
CARRER RAFAEL CASANOVA 60|08401|GRANOLLERS,41.617894,2.287884,41.617894,2.287884,0.00,Carrer Rafael Casanova,,1
CARRER RAMON PUJOLS CLAVERAS 42|08510|RODA DE TER,41.981413,2.309675,41.981256,2.309971,30.10,Carrer d'en Ramon Marti,,1
CARRER ROSSELLO 22|08521|BELLAVISTA,41.617027,2.296852,41.617027,2.296852,0.00,Carrer del Roselló,,1
CARRER SALVADOR ESPRIU 6|08150|PARETS DEL VALLES,41.572719,2.236508,41.572719,2.236508,0.00,Carrer Salvador Espriu,,1
CARRER SANT ROC 68|08570|TORELLO,42.042258,2.271991,42.042258,2.271991,0.00,Carrer Sant Roc,,1
CARRER TENES 23|08186|LLICA D'AMUNT,41.614134,2.241521,41.614134,2.241521,0.00,Carrer del Tenes,,1
CARRER TORELLO 57|08500|VIC,41.932562,2.265932,41.932562,2.265932,0.00,Carrer Torelló,,1
CARRETERA B-521 (SANT HIPOLIT) KM 4|08503|GURB,41.940987,2.243302,41.940859,2.243216,15.91,,,1
CARRETERA B-521 6|08500|VIC,41.943368,2.257421,41.943368,2.257421,0.00,Carretera de Manlleu a Vic,,1
CARRETERA BERGA 6|08580|SANT QUIRZE DE BESORA,42.101593,2.217655,42.101465,2.217751,16.28,Carretera de St Quirze a Vidrà,,1
CARRETERA BV-5213 KM 10|08500|VIC,42.432896,-2.551776,42.007238,1.912726,371601.70,Carretera de Sagàs a la Guàrdia,,0
CARRETERA BV-5224 (TORELLO) KM 1|08560|MANLLEU,41.999981,2.284116,41.999747,2.284551,44.45,Carrer de Sant Jordi,,1
CARRETERA BV-5224 1|08572|SANT PERE DE TORELLO,42.070695,2.290833,42.070646,2.290860,5.88,,,1
CARRETERA C-155 KM 14|08185|LLICA DE VALL,41.573451,2.211077,41.573570,2.211255,19.88,,,1
CARRETERA C-17 S/N|08551|TONA,41.846251,2.231976,41.846251,2.231976,0.00,Carretera de Seva,,1
"CARRETERA C-25 EIX TRANSVE KM 174,6|08503|GURB",41.940987,2.243302,41.940859,2.243216,15.91,,,1
CARRETERA CALDES 151|08186|LLICA D'AMUNT,41.629030,2.231522,41.629030,2.231522,0.00,Carretera de Caldes,,1
CARRETERA CALDES KM 14-15|08186|LLICA D'AMUNT,41.608517,2.239511,41.608481,2.239268,20.64,Carrer d'Anselm Clavé,,1
CARRETERA CARDEDEU 1|08520|BARCELONA,41.614871,2.373524,41.614871,2.373524,0.00,Carretera de Cardedeu a Dosrius,,1
CARRETERA D LA GUIXA 10|08500|VIC,41.924354,2.250692,41.924354,2.250692,0.00,Carretera de La Guixa,,1
CARRETERA D'ARBUCIES 21|08507|SANTA EUGENIA DE BERGA,41.903509,2.281774,41.903509,2.281774,0.00,Carretera d'Arbúcies,,1
CARRETERA D'OLOT 140|08560|MANLLEU,42.001222,2.286075,42.001222,2.286075,0.00,Carretera d'Olot,,1
CARRETERA D'OLOT 7|08560|MANLLEU,42.003834,2.295136,42.003835,2.295136,0.11,Carretera d'Olot,,1
CARRETERA DE MANLLEU 7|08500|VIC,41.936685,2.254869,41.936685,2.254868,0.08,Carretera de Manlleu,,1
CARRETERA DE MANLLEU KM 4|08503|GURB,41.953292,2.262327,41.953292,2.262327,0.00,Carretera de Manlleu a Vic,,1
CARRETERA DE PARETS A BIGUES I KM 8|08186|LLICA DE MUNT,41.585262,2.210596,41.585262,2.210596,0.00,Carrer d'Arenys de Munt,,1
"CARRETERA DE RIBES, N-152 131|08520|LES FRANQUESES DEL VALLES",41.623917,2.293605,41.623917,2.293604,0.08,Carretera de Ribes,,1
CARRETERA DE RODA 1|08500|VIC,41.932992,2.261336,41.932992,2.261337,0.08,Carretera de Roda,,1
CARRETERA DE RODA 61|08500|VIC,41.932992,2.261336,41.932992,2.261337,0.08,Carretera de Roda,,1
CARRETERA DE RODA 97|08500|VIC,41.932000,2.260728,41.932000,2.260728,0.00,Carretera de Roda,,1
CARRETERA DE VIC 217|08500|VIC,41.943181,2.257568,41.943181,2.257568,0.00,Carretera de Manlleu a Vic,,1
CARRETERA LA ROCA S/N|08105|SANT FOST DE CAMPSENTELLE,41.518508,2.232798,41.518416,2.232689,13.68,Avinguda Prat de la Riba,,1
CARRETERA MONTCADA 148|08223|TERRASSA,41.557743,2.018727,41.557743,2.018727,0.00,Carretera de Montcada,,1
CARRETERA MONTMELO 120|08403|GRANOLLERS,41.561794,2.257127,41.561794,2.257127,0.00,Carretera a Granollers,,1
CARRETERA N-141 D S/N|08506|CALLDETENES,41.929051,2.298813,41.928885,2.298842,18.59,Carretera de Sant Hilari de Sacalm,,1
CARRETERA OLESA S/N|08232|VILADECAVALLS,41.554576,1.949556,41.555033,1.955594,506.12,Carretera de Terrassa a Olesa,,0
CARRETERA PALAUDARIES 79|08186|LLICA D'AMUNT,41.589750,2.204847,41.589750,2.204847,0.00,Carretera de Palaudàries a la C-155,,1
CARRETERA PARETS A BIGUES 8|08186|LLICA D'AMUNT,41.651474,2.230210,41.651483,2.230289,6.65,Carretera de Bigues a Lliçà d'Amunt,,1
CARRETERA PRATS DE LLUCANES 14|08500|VIC,41.927799,2.241630,41.927378,2.241654,46.80,Carretera de Prats de Lluçanès,,1
CARRETERA PUIG-L'AGULLA S/N|08504|SANT JULIA DE VILATORTA,41.890757,2.337028,41.894995,2.343603,720.75,,,0
CARRETERA SANT ADRIA DEL BESOS-L 17|08170|MONTORNES DEL VALLES,41.542545,2.267056,41.542460,2.267004,10.39,Carrer d'Anselm Clavé,,1
CARRETERA SANT HILARI SACALM S/N|08500|VIC,41.926024,2.277961,41.926024,2.277961,0.00,Carretera de Sant Hilari de Sacalm,,1
CARRETERA SEVA 2|08554|SANT MIQUEL DE BALENYA,41.841766,2.250990,41.841660,2.250865,15.70,Carrer de l'Alegria,,1
CARRETERA VIDRA 2|08580|SANT QUIRZE DE BESORA,42.101416,2.217642,42.101417,2.217641,0.14,Carretera de St Quirze a Vidrà,,1
CARRETERA VIDRA KM 1|08584|SANTA MARIA DE BESORA,42.123665,2.250987,42.121706,2.253426,296.69,Carretera de St Quirze a Vidrà,,0
CASA NOVA DEL CASTELL S/N|08585|MONTESQUIU,42.125515,2.219654,42.124189,2.204814,1235.90,Autovia Barcelona - Vic - Ripoll,,0
CATALUNYA 102|08150|PARETS DEL VALLES,41.565323,2.229146,41.565323,2.229146,0.00,Avinguda de Catalunya,,1
CR GRANOLLERS SABADELL KM. 13 -|08185|LLICA DE VALL,41.586300,2.239140,41.586491,2.239288,24.54,Plaça de la Vila,,1
"CR JOAN PRIM, 90 -|08400|GRANOLLERS",41.613517,2.290402,41.613517,2.290402,0.00,Carrer de Joan Prim,,1
"CR SANT ROC, 5 -|08400|GRANOLLERS",41.608424,2.288049,41.609582,2.288552,135.27,,,1
"CTRA. DE SANT HIPOLIT, 53 (NAU 4)|08500|VIC",41.939354,2.254115,41.939354,2.254115,0.00,Carretera de Sant Hipòlit de Voltregà,,1
CTRA. PARADOR KM. 7|08519|TAVERNOLES,41.973421,2.346359,41.973421,2.346359,0.00,Carretera Parador km 7,,1
DE LA MUNTANYA 100|08400|GRANOLLERS,41.608008,2.287244,41.608184,2.286049,101.49,Carrer de Sant Bartomeu,,1
"DE LA NORIA 15|08430|ROCA DEL VALLES, LA",41.587336,2.326058,41.587303,2.326220,14.00,Carrer de Pompeu Fabra,,1
DEL CALDERI S/N|08100|MOLLET DEL VALLES,41.528052,2.209484,41.528656,2.209442,67.17,camí antic Calderí,,1
ENGINYER 7-9|08400|GRANOLLERS,41.609741,2.289555,41.610179,2.289662,49.46,Carrer de Josep Irla i Bosch,,1
ENRIC DELARIS 28|08560|MANLLEU,41.999601,2.283013,41.999601,2.283065,4.31,Carrer Enric Delaris,,1
ESPANYA 8|08520|FRANQUESES DEL VALLES (LES),41.617105,2.294973,41.616951,2.294894,18.33,Carrer de Provença,,1
ESTACIO 2|08500|VIC,41.930727,2.249510,41.930727,2.249510,0.00,Plaça de l'Estació,,1
ESTEVE TERRADES 38|08401|GRANOLLERS,41.597991,2.290207,41.597991,2.290207,0.00,Carrer d'Esteve Terrades,,1
FEDERICO GARCIA LORCA 21|08170|MONTORNES DEL VALLES,41.553719,2.267259,41.553719,2.267260,0.08,Carrer de Federico García Lorca,,1
FRANCESC CAMBO 21 -|08100|MOLLET DEL VALLES,41.539393,2.210880,41.539420,2.210924,4.74,Carrer de Francesc Cambó,,1
GERONA 185|08400|GRANOLLERS,42.056723,2.643502,42.122872,2.430498,19096.85,Carretera de Joanetes,,0
GERONA 191|08400|GRANOLLERS,41.591467,2.261449,41.591505,2.261288,14.08,,,1
GERONA 21|08402|GRANOLLERS,41.618305,2.293063,41.618448,2.293121,16.60,Carrer de Pere el Gran,,1
GERONA 29|08400|GRANOLLERS,41.427616,2.161296,41.427675,2.161359,8.41,Baixada de Can Mateu,,1
GIRONA 114|08402|GRANOLLERS,41.612940,2.291703,41.612946,2.291670,2.83,Carrer de Girona,,1
GIRONA 210|08400|GRANOLLERS,41.609142,2.290283,41.609229,2.290037,22.66,Carrer de Marià Sans,,1
GIRONA 36|08402|GRANOLLERS,41.608879,2.290621,41.608879,2.290621,0.00,Carrer de Girona,,1
GIRONA 3|08402|GRANOLLERS,41.608879,2.290621,41.608879,2.290621,0.00,Carrer de Girona,,1
GIRONA 49|08402|GRANOLLERS,41.608879,2.290621,41.608879,2.290621,0.00,Carrer de Girona,,1
"GIRONA, 52|08402|GRANOLLERS",41.608879,2.290621,41.608879,2.290621,0.00,Carrer de Girona,,1
GRAN 3|08160|MONTMELO,41.568786,2.257439,41.567981,2.260453,266.79,,,0
JAUME I 14|08507|SANTA EUGENIA DE BERGA,41.898665,2.282524,41.898665,2.282524,0.00,Carrer de Jaume I,,1
JOANOT MARTORELL 1|08400|GRANOLLERS,41.605269,2.275348,41.605269,2.275348,0.00,Carrer Joanot Martorell,,1
JOANOT MARTORELL 32|08400|GRANOLLERS,41.605269,2.275348,41.605269,2.275348,0.00,Carrer Joanot Martorell,,1
JOSEP TARRADELLAS 16|08160|MONTMELO,41.551477,2.243719,41.551477,2.243719,0.00,Carrer de Josep Tarradellas,,1
JOSEP TERRADELLAS SN|08170|MONTORNES DEL VALLES,41.542545,2.267056,41.542460,2.267004,10.39,Carrer d'Anselm Clavé,,1
JOSEP UMBERT 130|08400|GRANOLLERS,41.601614,2.296243,41.601614,2.296243,0.00,Carrer de Josep Umbert,,1
L'ALIANCA 20|08186|LLICA D'AMUNT,41.610744,2.239560,41.610744,2.239560,0.00,Carrer de l'Aliança,,1
LA SALUT 37 A|08150|PARETS DEL VALLES,41.560674,2.219275,41.560674,2.219275,0.00,Carrer de la Salut,,1
LLIBERTAT 12|08170|MONTORNES DEL VALLES,41.554415,2.270369,41.554415,2.270369,0.00,carrer de la Llibertat,,1
LLIBERTAT 2|08150|PARETS DEL VALLES,41.562848,2.222113,41.562849,2.222113,0.11,Carrer de la Llibertat,,1
LLUIS VIVES 19|08400|GRANOLLERS,41.611157,2.296710,41.611156,2.296710,0.11,Carrer de Lluís Vives,,1
LUGAR HOSTAL NOU 1|08503|GURB,41.935955,2.180160,41.936234,2.180240,31.69,,,1
LUGAR SANTUARI DE BELLMUNT 1|08572|SANT PERE DE TORELLO,42.101916,2.294658,42.101036,2.294710,97.84,,,1
MAGALLANES SN|08401|GRANOLLERS,41.600382,2.285948,41.600382,2.285948,0.00,Carrer de Magallanes,,1
MAJOR 1|08150|PARETS DEL VALLES,41.573134,2.233839,41.573072,2.233868,7.30,Carrer Major,,1
MAJOR 1|08160|MONTMELO,41.551043,2.247244,41.551127,2.247467,20.81,Carrer d'Àngel Guimerà,,1
MAJOR 28|08170|MONTORNES DEL VALLES,41.542545,2.267056,41.542460,2.267004,10.39,Carrer d'Anselm Clavé,,1
MANEL MUNTANYA 5|08401|GRANOLLERS,41.606885,2.288425,41.606826,2.289345,76.95,Plaça Pau Casals,,1
MANLLEU 30-32|08500|VIC,41.943368,2.257421,41.943368,2.257421,0.00,Carretera de Manlleu a Vic,,1
MANLLEU 54|08500|VIC,41.943206,2.258075,41.943294,2.258117,10.38,,,1
MASIA CAMI DE PLANES BONES S/N|08500|SENTFORES,41.928087,2.246984,41.928070,2.246853,11.03,Carrer de Perot Rocaguinarda,,1
MASIA CAN MALE S/N|08186|LLICA D'AMUNT,41.600598,2.254168,41.600645,2.254315,13.32,,,1
MATABOSCH C DEL TER 200|08570|TORELLO,42.048694,2.253000,42.048986,2.253164,35.16,Carrer del Ter,,1
"MATAGALLS, S/N (ESQUINA C/CAMI DEL|08402|GRANOLLERS",41.610618,2.300494,41.610618,2.300494,0.00,Carrer Matagalls,,1
MATARO A GRANOLLERS S/N|08430|LA ROCA DEL VALLES,41.591724,2.338791,41.591657,2.338806,7.55,,,1
MENENDEZ I PELAYO 1|08500|VIC,41.924275,2.260045,41.924275,2.260046,0.08,Carrer de Menéndez i Pelayo,,1
MONTSERRAT 36|08185|LLICA DE VALL,41.588050,2.241901,41.588050,2.241901,0.00,Avinguda de Montserrat,,1
N-2 494|25250|BELLPUIG,41.632410,1.003074,41.709477,1.940131,78497.75,Camí de Mura a Rocafort,,0
N-260 104|17860|SANT JOAN DE LES ABADESSES,42.244095,2.313442,42.169559,2.360429,9143.00,Carretera de Vidrà a Sant Privat d'en Bas,,0
NAVARRA 43|08430|ROCA DEL VALLES (LA),41.587336,2.326058,41.587303,2.326220,14.00,Carrer de Pompeu Fabra,,1
NICARAGUA S/N -|08100|MOLLET DEL VALLES,41.548998,2.205239,41.548998,2.205239,0.00,Carrer de Nicaragua,,1
ONCE DE SEPTIEMBRE 51|08170|MONTORNES DEL VALLES,41.545181,2.268739,41.545181,2.268739,0.00,Avinguda de l'Onze de Septembre,,1
"P.I. CAN MAGAROLA, CTRA. NAC 152, K|08100|MOLLET DEL VALLES",41.550570,2.227743,41.550534,2.227823,7.78,Carrer de Facund Bacardí i Massó,,1
PAISOS CATALANS SN|08186|LLICA D AMUNT,41.607819,2.242893,41.607819,2.242893,0.00,Avinguda dels Països Catalans,,1
PARC D'ANGELA ROCA 7|08560|MANLLEU,42.002773,2.281916,42.002773,2.281916,0.00,Parc d'Àngela Roca,,1
PASAJE EXTREMADURA S/N|08521|LES FRANQUESES DEL VALLES,41.647503,2.306631,41.645084,2.304290,332.03,Camí antic de Marata,,0
PASAJE LA PAU S/N|08100|MOLLET DEL VALLES,41.538347,2.212220,41.538449,2.211976,23.30,Avinguda de Jaume I,,1
PASAJE MARTI S/N|08185|LLICA DE VALL,41.586300,2.239140,41.586491,2.239288,24.54,Plaça de la Vila,,1
PASAJE PLA DEL REMEI 11|08500|VIC,41.921029,2.251894,41.921029,2.251894,0.00,Passeig Pla del Remei,,1
PASEO ANDALUSIA 103|08521|BELLAVISTA,41.619556,2.297708,41.619556,2.297708,0.00,Passeig d'Andalusia,,1
PASEO ANDALUSIA 15-17|08521|LES FRANQUESES DEL VALLES,41.619556,2.297708,41.619556,2.297708,0.00,Passeig d'Andalusia,,1
PASEO ANDALUSIA 24|08521|BELLAVISTA,41.619556,2.297708,41.619556,2.297708,0.00,Passeig d'Andalusia,,1
PASEO ANDALUSIA 9|08521|LES FRANQUESES DEL VALLES,41.619556,2.297708,41.619556,2.297708,0.00,Passeig d'Andalusia,,1
PASEO FLUVIAL S/N|08150|PARETS DEL VALLES,41.564013,2.234733,41.564013,2.234733,0.00,Passeig Fluvial,,1
PASEO GENERALITAT 15|08500|VIC,41.925199,2.253796,41.925199,2.253796,0.00,Passeig de la Generalitat,,1
PASEO GENERALITAT 37|08500|VIC,41.925199,2.253796,41.925199,2.253796,0.00,Passeig de la Generalitat,,1
PASEO GENERALITAT 58|08500|VIC,41.925199,2.253796,41.925199,2.253796,0.00,Passeig de la Generalitat,,1
PASEO JOAN MIRO 8|08185|PARETS DEL VALLES,41.575425,2.231921,41.575491,2.231820,11.17,Carrer de les Teixidores,,1
PASEO MUNTANYA 13-15|08400|GRANOLLERS,41.605274,2.292877,41.605261,2.293054,14.82,Passeig de la Muntanya,,1
PASEO MUNTANYA 70|08402|GRANOLLERS,41.612891,2.294838,41.612891,2.294838,0.00,Passeig de la Muntanya,,1
PASEO PLA DE TEIA 38|08584|SANTA MARIA DE BESORA,42.126940,2.257279,42.126940,2.257279,0.00,Passeig del Pla de Teia,,1
PASEO TER S/N|08585|MONTESQUIU,42.109323,2.210945,42.109260,2.210664,24.27,Camí Ral,,1
PASSATGE SANT BARTOMEU 16|08400|GRANOLLERS,41.608191,2.285836,41.608191,2.285836,0.00,Carrer de Sant Bartomeu,,1
PASSATGE SANT MIQUEL 10|08100|MOLLET DEL VALLES,41.537305,2.212044,41.537267,2.212031,4.36,Passatge Sant Miquel,,1
PASSEIG ANDALUSIA 5|08521|BELLAVISTA,41.618894,2.297281,41.618894,2.297281,0.00,Passeig d'Andalusia,,1
PASSEIG DE CAN SALGOT 29|08186|LLICA D'AMUNT,41.591130,2.208504,41.591130,2.208504,0.00,Passeig de Can Salgot,,1
PASSEIG DE LA FLORIDA 15|08130|SANTA PERPETUA DE MOGODA,41.530580,2.185875,41.530696,2.186104,23.05,Passatge d'Ernest Lluch i Martín,,1
PASSEIG DE LA MUNTANYA 145|08402|GRANOLLERS,41.612891,2.294838,41.612891,2.294838,0.00,Passeig de la Muntanya,,1
PASSEIG DE LA MUNTANYA 154|08402|GRANOLLERS,41.612891,2.294838,41.612891,2.294838,0.00,Passeig de la Muntanya,,1
PASSEIG DE LA MUNTANYA 17|08402|GRANOLLERS,41.612891,2.294838,41.612891,2.294838,0.00,Passeig de la Muntanya,,1
PASSEIG DE LA RONDA 7|08100|MOLLET DEL VALLES,41.542915,2.221265,41.542637,2.222171,81.68,Avinguda de les Teixidores,,1
PASSEIG DE LA SUISSA S/N|08551|TONA,41.851856,2.219711,41.851856,2.219710,0.08,Passeig de la Suïssa,,1
PASSEIG DE LES CORTS CATALANES 7|08160|MONTMELO,41.550844,2.243987,41.550844,2.243987,0.00,Passeig de les Corts Catalanes,,1
PASSEIG DE SANT VALERIA 171|08186|LLICA D'AMUNT,41.600613,2.211041,41.600613,2.211042,0.08,Passeig de Sant Valerià,,1
PASSEIG DEL PITORT 103|08860|CASTELLDEFELS,41.271524,1.977855,41.338440,1.999393,7647.33,Carretera de Sant Climent a Sant Boi,,0
PASSEIG FRANCESC FABREGAS 81|08401|GRANOLLERS,41.586336,2.280992,41.586336,2.280992,0.00,Passeig Francesc Fàbregas,,1
PASSEIG L'ALZINA 1|08420|CANOVELLES,41.617256,2.269830,41.617256,2.269830,0.00,Passeig de l'Alzina,,1
PASSEIG MUNTANYA 66|08402|GRANOLLERS,41.612891,2.294838,41.612891,2.294838,0.00,Passeig de la Muntanya,,1
PAU CASALS 33|08150|PARETS DEL VALLES,41.565858,2.225023,41.565925,2.225093,9.46,Carrer de Pau Casals,,1
PERE RAMON S/N (DARRERA MERCAT S/N|08100|MOLLET DEL VALLES,41.539348,2.213093,41.539298,2.213173,8.68,Carrer de Pere Ramon,,1
PIERA 53|08107|MARTORELLES,41.527547,2.232291,41.527547,2.232291,0.00,Avinguda d'en Piera,,1
PIRINEO 97|08570|TORELLO,42.052479,2.260093,42.052479,2.260093,0.00,Avinguda dels Pirineus,,1
PLACA AUGUSTA 3|08173|SANT CUGAT DEL VALLES,41.474306,2.083860,41.474401,2.083797,11.79,Carrer de Castellví,,1
PLACA DE FRA BERNADI 23|08560|MANLLEU,42.000020,2.284108,41.999747,2.284551,47.62,Carrer de Sant Jordi,,1
PLACA DE FRA BERNADI 32|08560|MANLLEU,42.000020,2.284108,41.999747,2.284551,47.62,Carrer de Sant Jordi,,1
PLACA DE FRA BERNADI 3|08560|MANLLEU,42.000020,2.284108,41.999747,2.284551,47.62,Carrer de Sant Jordi,,1
PLACA DE L'ESTACIO 1|08500|VIC,41.930727,2.249510,41.930727,2.249510,0.00,Plaça de l'Estació,,1
PLACA DE LA CATEDRAL 6|08500|VIC,41.928405,2.254710,41.928441,2.254701,4.07,Carrer de la Ramada,,1
PLACA DE LA VILA 8|08150|LLICA DE VALL,41.585917,2.239653,41.586226,2.239894,39.77,Plaça de la Vila,,1
PLACA DE LA VILA S/N|08185|LLICA DE VALL,41.586243,2.239856,41.586243,2.239856,0.00,Plaça de la Vila,,1
PLACA DE NARCISA FREIXAS 2|08022|BARCELONA,41.408296,2.138411,41.408394,2.138340,12.40,Plaça de Narcisa Freixas,,1
PLACA DE PAU CASALS 14|08402|GRANOLLERS,41.606661,2.290090,41.606735,2.290111,8.40,Plaça Pau Casals,,1
PLACA DE PAU PICASSO 1|08170|MONTORNES DEL VALLES,41.542339,2.268076,41.541808,2.267764,64.47,Carrer Major,,1
PLACA DE PRAT DE LA RIBA 11|08100|MOLLET DEL VALLES,41.538850,2.213529,41.539005,2.213510,17.29,Carrer de Sant Oleguer,,1
PLACA DE PRAT DE LA RIBA 12|08100|MOLLET DEL VALLES,41.538710,2.213336,41.539005,2.213510,35.84,Carrer de Sant Oleguer,,1
PLACA DE PRAT DE LA RIBA 19|08100|MOLLET DEL VALLES,41.538595,2.213430,41.539005,2.213510,46.02,Carrer de Sant Oleguer,,1
PLACA DEL DR. ROBERT 1|17867|CAMPRODON,42.313841,2.364572,42.169713,2.361037,16012.06,Carretera de Vidrà a Sant Privat d'en Bas,,0
PLACA ELS PAISOS CATALANS 1|08570|TORELLO,42.052628,2.260842,42.052429,2.260817,22.20,Avinguda dels Pirineus,,1
PLACA JOSEP MALUQUER I SALVADOR 20|08401|GRANOLLERS,41.608595,2.288901,41.608540,2.289768,72.51,,,1
PLACA JOSEP TORRAS I BAGES 2|08402|GRANOLLERS,41.610075,2.290380,41.610075,2.290380,0.00,Plaça de Josep Torres i Bages,,1
PLACA LA VILA 2|08105|SANT FOST DE CAMPSENTELLES,41.518716,2.232612,41.518717,2.232697,7.10,,,1
PLACA MAJOR 13|08500|VIC,41.930492,2.253788,41.930286,2.253720,23.57,Carrer de Jacint Verdaguer,,1
PLACA MAJOR 28|08500|VIC,41.930408,2.253817,41.930276,2.253773,15.11,Carrer de Jacint Verdaguer,,1
PLACA MAJOR 36|08500|VIC,41.930535,2.255095,41.930543,2.255098,0.92,Carrer dels Argenters,,1
PLACA MAJOR 9|08100|MOLLET DEL VALLES,41.536458,2.210850,41.536571,2.210577,26.01,Avinguda de Burgos,,1
PLACA MOSSEN CINTO VERDAGUER 3|08519|FOLGUEROLES,41.218988,1.723466,41.346466,1.955123,24024.11,Avinguda Torrelletes,,0
PLACA NOVA 8|08570|TORELLO,42.047343,2.263495,42.047203,2.263353,19.50,Plaça Nova,,1
PLACA SANT FORTIA 2|08570|TORELLO,42.049903,2.262783,42.049903,2.262783,0.00,Plaça Sant Fortià,,1
PLACA SANT ISIDRE S/N|08160|MONTMELO,38.415470,-0.960269,41.346466,1.955123,410016.18,Avinguda Torrelletes,,0
PLAZA AJUNTAMENT S/N|08522|MALLA,41.551082,1.040164,41.583938,1.947410,75752.05,,,0
PLAZA BISAURA 2|08580|SANT QUIRZE DE BESORA,42.100873,2.217368,42.100873,2.217368,0.00,Pla. de Bisaura,,1
PLAZA CAL FERRER 14|08571|SANT VICENC DE TORELLO,42.061877,2.273517,42.061877,2.273517,0.00,Plaça de Cal Ferrer,,1
PLAZA CAN BASSA 1|08402|GRANOLLERS,41.591116,2.288021,41.591304,2.288018,20.88,Carrer Garrotxa,,1
PLAZA CAN BASSA 2|08402|GRANOLLERS,41.591116,2.288021,41.591304,2.288018,20.88,Carrer Garrotxa,,1
PLAZA CAN MONIC 6|08402|GRANOLLERS,41.621271,2.294643,41.621109,2.295047,38.17,Carrer Joaquim Mir,,1
PLAZA CAN MONIC 7|08402|GRANOLLERS,41.621271,2.294643,41.621109,2.295047,38.17,Carrer Joaquim Mir,,1
PLAZA CASERNA S/N|08401|GRANOLLERS,41.608972,2.286018,41.609113,2.286049,15.87,Carrer del Triomf,,1
PLAZA CATALUNYA 9|08100|MOLLET DEL VALLES,41.543048,2.211993,41.543041,2.211942,4.33,Passatge Plaça de Mercè Rodoreda,,1
PLAZA CONSTITUCIO S/N|17534|RIBES DE FRESER,42.317665,2.135194,42.166637,2.139154,16779.02,Carretera de Ripoll,,0
PLAZA CORONA 14|08402|GRANOLLERS,41.604836,2.289352,41.604736,2.289336,11.19,,,1
PLAZA CORONA 4|08402|GRANOLLERS,41.604836,2.289352,41.604736,2.289336,11.19,,,1
PLAZA CORONA 9|08402|GRANOLLERS,41.604836,2.289352,41.604736,2.289336,11.19,,,1
PLAZA DALT VILA 12|08560|MANLLEU,42.001147,2.284849,42.001264,2.284548,28.11,Plaça de Sant Higini,,1
PLAZA ESPANYA 10|08521|BELLAVISTA,41.617105,2.294973,41.616951,2.294894,18.33,Carrer de Provença,,1
PLAZA ESTACIO S/N|08500|VIC,41.930990,2.248591,41.930978,2.249027,36.19,,,1
PLAZA FONT VERDA 1|08402|GRANOLLERS,41.607945,2.293530,41.607945,2.293530,0.00,Plaça de la Font Verda,,1
PLAZA FRA BERNADI 12|08560|MANLLEU,42.000020,2.284108,41.999747,2.284551,47.62,Carrer de Sant Jordi,,1
PLAZA FRA BERNADI 15|08560|MANLLEU,42.000020,2.284108,41.999747,2.284551,47.62,Carrer de Sant Jordi,,1
PLAZA FRA BERNADI 27|08560|MANLLEU,42.000020,2.284108,41.999747,2.284551,47.62,Carrer de Sant Jordi,,1
PLAZA JOANOT MARTORELL 19|08570|TORELLO,42.046035,2.269832,42.046035,2.269832,0.00,Plaça Joanot Martorell,,1
PLAZA JOANOT MARTORELL 1|08570|TORELLO,42.046035,2.269832,42.046035,2.269832,0.00,Plaça Joanot Martorell,,1
PLAZA JOAQUIM MIR 1|08170|MONTORNES DEL VALLES,41.540110,2.267935,41.540118,2.268095,13.38,,,1
PLAZA JOSEP BARANGE 2|08402|GRANOLLERS,41.607696,2.290002,41.608010,2.289734,41.41,,,1
PLAZA JOSEP MALUQUER I SALVADOR 17|08401|GRANOLLERS,41.608595,2.288901,41.608540,2.289768,72.51,,,1
PLAZA JOSEP MARIA FOLCH I TORRES 12|08401|GRANOLLERS,41.376372,2.166367,41.376299,2.166271,11.41,Ronda de Sant Pau,,1
PLAZA JOSEP MARIA FOLCH I TORRES 14|08401|GRANOLLERS,41.376372,2.166367,41.376299,2.166271,11.41,Ronda de Sant Pau,,1
PLAZA JOSEP SERRAT I BONASTRE S/N|08402|GRANOLLERS,41.599986,2.290561,41.599986,2.290561,0.00,Plaça Josep Serrat i Bonastre,,1
PLAZA JOSEP TORRAS I BAGES 2|08402|GRANOLLERS,41.610075,2.290380,41.610075,2.290380,0.00,Plaça de Josep Torres i Bages,,1
PLAZA LA FONT 2|08186|LLICA D'AMUNT,41.610583,2.238667,41.610572,2.238675,1.39,,,1
PLAZA LA SARDANA 6|08570|TORELLO,42.042140,2.273320,42.041934,2.273713,39.79,Avinguda del Rosselló,,1
PLAZA LA SARDANA S/N|08570|TORELLO,42.042140,2.273320,42.041934,2.273713,39.79,Avinguda del Rosselló,,1
PLAZA LA VILA 2|08570|TORELLO,42.042140,2.273320,42.041934,2.273713,39.79,Avinguda del Rosselló,,1
PLAZA LA VILA 4|08105|SANT FOST DE CAMPSENTELLES,41.518508,2.232798,41.518416,2.232689,13.68,Avinguda Prat de la Riba,,1
PLAZA MAJOR 21|08500|VIC,41.930408,2.253817,41.930276,2.253773,15.11,Carrer de Jacint Verdaguer,,1
PLAZA MAJOR 24|08100|MOLLET DEL VALLES,41.535880,2.210780,41.536106,2.210234,52.03,Avinguda de Burgos,,1
PLAZA MAYOR 5|08100|MOLLET DEL VALLES,41.535861,2.210398,41.535970,2.210134,25.14,Avinguda de Burgos,,1
PLAZA MOSSEN PERE BATLLE 9|08150|PARETS DEL VALLES,41.573011,2.235848,41.572924,2.235832,9.75,Plaça de Mossèn Pere Batlle,,1
PLAZA ONZE DE SETEMBRE 1|08506|CALLDETENES,41.924950,2.284804,41.924950,2.284804,0.00,Plaça de l'Onze de Setembre,,1
PLAZA PAISOS CATALANS 1|08170|MONTORNES DEL VALLES,41.540397,2.263300,41.540397,2.263300,0.00,plaça dels Països Catalans,,1
PLAZA PAU CASALS 14|08402|GRANOLLERS,41.606661,2.290090,41.606735,2.290111,8.40,Plaça Pau Casals,,1
PLAZA PAU PICASSO 1|08170|MONTORNES DEL VALLES,41.542339,2.268076,41.541808,2.267764,64.47,Carrer Major,,1
PLAZA PAU PICASSO 9|08170|MONTORNES DEL VALLES,41.542339,2.268076,41.541808,2.267764,64.47,Carrer Major,,1
PLAZA PES 6|08500|VIC,41.929996,2.255261,41.929996,2.255261,0.00,Plaça del Pes,,1
PLAZA PIETAT 8|08500|VIC,41.929289,2.256557,41.929552,2.256683,31.03,Carrer de Cardona,,1
PLAZA PORXADA 21|08401|GRANOLLERS,41.608057,2.288095,41.607434,2.289415,129.96,Plaça Pau Casals,,1
PLAZA PORXADA 32|08401|GRANOLLERS,41.608065,2.287323,41.608184,2.286049,106.99,Carrer de Sant Bartomeu,,1
PLAZA PORXADA 39|08401|GRANOLLERS,41.607889,2.286731,41.608184,2.286049,65.60,Carrer de Sant Bartomeu,,1
PLAZA PORXADA 3|08401|GRANOLLERS,41.607961,2.287210,41.608184,2.286049,99.87,Carrer de Sant Bartomeu,,1
PLAZA PRAT DE LA RIBA 20|08100|MOLLET DEL VALLES,41.538549,2.213402,41.539005,2.213510,51.44,Carrer de Sant Oleguer,,1
PLAZA PRAT DE LA RIBA 21|08100|MOLLET DEL VALLES,41.538710,2.213336,41.539005,2.213510,35.84,Carrer de Sant Oleguer,,1
PLAZA PRAT DE LA RIBA 3|08100|MOLLET DEL VALLES,41.538821,2.213563,41.539005,2.213510,20.91,Carrer de Sant Oleguer,,1
PLAZA SANT ISIDRE 11|08160|MONTMELO,38.742235,-0.442619,41.346466,1.955123,354269.83,Avinguda Torrelletes,,0
PLAZA SANTS MARTIRS 12|08500|VIC,41.930506,2.258080,41.930506,2.258080,0.00,Plaça dels Sants Màrtirs,,1
PLAZA SANTS MARTIRS 26|08500|VIC,41.930506,2.258080,41.930506,2.258080,0.00,Plaça dels Sants Màrtirs,,1
PLAZA VELLA 3|08570|TORELLO,42.046704,2.261985,42.046725,2.262738,62.41,Carrer de Sant Feliu,,1
PLAZA VILA 15|08185|LLI#A DE VALL,41.586243,2.239856,41.586243,2.239856,0.00,Plaça de la Vila,,1
PLAZA VILA S/N|08150|PARETS DEL VALLES,41.574475,2.224303,41.574475,2.224303,0.00,Plaça del Cim Vallesà,,1
POL. IND. PUIGTIO CARRER RIUDELLOTS|17412|MACANET DE LA SELVA,41.792263,2.729823,41.672545,2.480215,24660.85,Autopista de la Mediterrània,,0
PONENT 59|08400|GRANOLLERS,41.612909,2.286948,41.613032,2.287004,14.44,Carrer de València,,1
PRAT DE LA RIBA 13|08100|MOLLET DEL VALLES,41.538710,2.213336,41.539005,2.213510,35.84,Carrer de Sant Oleguer,,1
RAMBLA DAVALLADES 21|08500|VIC,41.931104,2.253208,41.931054,2.253358,13.63,Rambla de les Davallades,,1
RAMBLA DE BALMES 16|08100|MOLLET DEL VALLES,41.535509,2.217776,41.535552,2.217837,6.98,carrer de les Llevadores,,1
RAMBLA DE LES DAVALLADES 21|08500|VIC,41.931104,2.253208,41.931054,2.253358,13.63,Rambla de les Davallades,,1
RAMBLA DE LES DAVALLADES 8|08500|VIC,41.930572,2.253135,41.930572,2.253135,0.00,Rambla de les Davallades,,1
RAMBLA DE POMPEU FABRA 14|08100|MOLLET DEL VALLES,41.538860,2.217610,41.538935,2.217458,15.18,Rambla de Pompeu Fabra,,1
RAMBLA DE SANT DOMENEC 1|08500|VIC,41.927968,2.252587,41.927901,2.252449,13.65,Rambla de Sant Domènec,,1
RAMBLA DEL CARME 35|08500|VIC,41.931187,2.254244,41.931283,2.254271,10.90,Rambla del Carme,,1
RAMBLA DEL PASSEIG 39|08500|VIC,41.929817,2.257919,41.929817,2.257919,0.00,Rambla del Passeig,,1
RAMBLA HOSPITAL 31|08500|VIC,41.928317,2.252113,41.928317,2.252113,0.00,Rambla de l'Hospital,,1
RAMBLA HOSPITAL 44|08500|VIC,41.928317,2.252113,41.928317,2.252113,0.00,Rambla de l'Hospital,,1
RAMBLA HOSPITAL 8|08500|VIC,41.928317,2.252113,41.928317,2.252113,0.00,Rambla de l'Hospital,,1
RAMBLA JOSEP TARRADELLAS 5|08402|GRANOLLERS,41.606642,2.291919,41.606642,2.291919,0.00,Rambla de Josep Tarradellas,,1
RAMBLA NOVA 10|08100|MOLLET DEL VALLES,41.538581,2.211281,41.538704,2.211057,23.16,Carrer d'Antònia Canet,,1
RAMBLA NOVA 3|08100|MOLLET DEL VALLES,41.538268,2.211347,41.538109,2.211720,35.79,Avinguda de Jaume I,,1
RAMBLA NOVA 71|08100|MOLLET DEL VALLES,41.539612,2.209980,41.539616,2.209972,0.80,Carrer de l'Abat Escarré,,1
RAMBLA NOVA 93|08100|MOLLET DEL VALLES,41.539612,2.209980,41.539616,2.209972,0.80,Carrer de l'Abat Escarré,,1
RAMBLA PASSEIG 10|08500|VIC,41.930374,2.256365,41.930374,2.256365,0.00,Rambla del Passeig,,1
RAMBLA PASSEIG 7|08500|VIC,41.930197,2.256553,41.930254,2.256602,7.52,Rambla del Passeig,,1
RAMBLA POMPEU FABRA 20|08100|MOLLET DEL VALLES,41.539468,2.218176,41.539548,2.218053,13.58,Rambla de Pompeu Fabra,,1
RAMBLA POMPEU FABRA 38|08100|MOLLET DEL VALLES,41.540666,2.219021,41.540702,2.218823,17.00,Rambla de Pompeu Fabra,,1
RAMBLA POMPEU FABRA 40|08100|MOLLET DEL VALLES,41.540867,2.219165,41.540994,2.219262,16.26,Carrer de les Puntaires,,1
RAMBLA POMPEU FABRA 4|08100|MOLLET DEL VALLES,41.543008,2.219626,41.543008,2.219626,0.00,Rambla de Pompeu Fabra,,1
RAMON LLULL 18|08401|GRANOLLERS,41.613748,2.289596,41.613682,2.289579,7.47,Carrer de Ramon Llull,,1
RAMON LLULL 9|08401|GRANOLLERS,41.613748,2.289596,41.613682,2.289579,7.47,Carrer de Ramon Llull,,1
RAMON SALA I SACALA 15|08500|VIC,41.935685,2.260251,41.935684,2.260251,0.11,Carrer de Ramon Sala i Saçala,,1
RODA 95|08500|VIC,41.934064,2.262107,41.934064,2.262107,0.00,Carretera de Roda,,1
RONDA 9|08100|MOLLET DEL VALLES,41.544001,2.212727,41.544045,2.212678,6.37,Via de Ronda,,1
RONDA D'ORIENT 1|08100|MOLLET DEL VALLES,41.533475,2.217542,41.533490,2.217508,3.29,Autovia de l'Ametlla,,1
RONDA FRANCESC MACIA 18|08302|MATARO,41.535443,2.435014,41.530476,2.389728,3819.80,,,0
RONDA ORIENT 14|08100|MOLLET DEL VALLES,41.533475,2.217542,41.533490,2.217508,3.29,Autovia de l'Ametlla,,1
RONDA ORIENT 8|08100|MOLLET DEL VALLES,41.538955,2.206567,41.539008,2.206569,5.89,Carrer de l'Abat Escarré,,1
SABADELL A GRANOLLERS KM 10.5|08185|LLICA DE VALL,41.586300,2.239140,41.586491,2.239288,24.54,Plaça de la Vila,,1
SALVADOR ESPRIU 32|08100|MOLLET DEL VALLES,41.547238,2.205498,41.547135,2.205541,11.99,Carrer de Salvador Espriu,,1
SANT ESTEVE 59|08400|GRANOLLERS,41.600223,2.290332,41.600223,2.290332,0.00,Avinguda de Sant Esteve,,1
SANT ROC 8|08401|GRANOLLERS,41.608274,2.288537,41.608146,2.289737,101.01,,,1
SANTA ANA 25|08401|GRANOLLERS,41.608703,2.286205,41.608753,2.285879,27.73,Carrer de Sant Jaume,,1
SUR 5|08170|MONTORNES DEL VALLES,41.542545,2.267056,41.542460,2.267004,10.39,Carrer d'Anselm Clavé,,1
TENES S/N PARC LEVANT -|08150|PARETS DEL VALLES,41.572941,2.233809,41.573045,2.233761,12.22,Carrer Major,,1
TORRES I BAGES 1-3|08402|GRANOLLERS,41.610075,2.290380,41.610075,2.290380,0.00,Plaça de Josep Torres i Bages,,1
TURO D'EN BRUGUET 2|08402|GRANOLLERS,41.600338,2.296249,41.600331,2.296326,6.46,,,1
VALENCIA 60|08430|ROCA DEL VALLES (LA),41.601331,2.298150,41.601331,2.298150,0.00,Carrer de València,,1
VALLES 1|08520|CORRO D AVALL,41.618286,2.294693,41.618268,2.294831,11.67,Carrer d'Aragó,,1
VIC 6|08401|GRANOLLERS,41.604578,2.284582,41.604570,2.284387,16.27,Carrer de la Princesa,,1
ZONA ESPORTIVA SN|08520|FRANQUESES DEL VALLES (LES),41.624854,2.296545,41.624907,2.296518,6.30,,,1
